order_id,order_date,week_start,net_sales,campaign_id,channel,is_subscription,discount_code,is_unattributed
ord_40000,2025-04-01,2025-03-31,145.5,cmp_8821,Meta,False,,False
ord_40001,2025-04-01,2025-03-31,35.75,cmp_8822,Meta,False,,False
ord_40002,2025-04-01,2025-03-31,151.11,cmp_8822,Meta,True,WELCOME10,False
ord_40003,2025-04-01,2025-03-31,72.01,cmp_9003,Google,False,WELCOME10,False
ord_40004,2025-04-01,2025-03-31,178.14,cmp_8822,Meta,False,,False
ord_40005,2025-04-01,2025-03-31,138.31,cmp_8823,Meta,False,,False
ord_40006,2025-04-01,2025-03-31,36.66,cmp_9003,Google,True,,False
ord_40007,2025-04-01,2025-03-31,44.77,cmp_8821,Meta,False,,False
ord_40008,2025-04-01,2025-03-31,117.67,cmp_9003,Google,False,WELCOME10,False
ord_40009,2025-04-01,2025-03-31,109.53,cmp_9002,Google,False,SPRING20,False
ord_40010,2025-04-01,2025-03-31,210.62,cmp_8823,Meta,False,SPRING20,False
ord_40011,2025-04-01,2025-03-31,129.16,cmp_7701,Tiktok,True,SPRING20,False
ord_40012,2025-04-01,2025-03-31,188.86,cmp_9001,Google,True,,False
ord_40013,2025-04-01,2025-03-31,171.79,cmp_8823,Meta,False,,False
ord_40014,2025-04-01,2025-03-31,201.01,cmp_8822,Meta,False,,False
ord_40015,2025-04-01,2025-03-31,104.46,cmp_8823,Meta,False,WELCOME10,False
ord_40016,2025-04-01,2025-03-31,190.75,cmp_8823,Meta,True,SPRING20,False
ord_40017,2025-04-01,2025-03-31,148.91,cmp_7701,Tiktok,True,SPRING20,False
ord_40018,2025-04-01,2025-03-31,77.34,cmp_7701,Tiktok,True,,False
ord_40019,2025-04-01,2025-03-31,89.73,cmp_8821,Meta,False,,False
ord_40020,2025-04-01,2025-03-31,112.28,cmp_7702,Tiktok,False,WELCOME10,False
ord_40021,2025-04-01,2025-03-31,123.31,cmp_7702,Tiktok,False,,False
ord_40022,2025-04-01,2025-03-31,121.15,cmp_9002,Google,True,,False
ord_40023,2025-04-01,2025-03-31,183.24,cmp_7701,Tiktok,False,SPRING20,False
ord_40024,2025-04-01,2025-03-31,164.27,,,False,,True
ord_40025,2025-04-01,2025-03-31,58.95,cmp_8823,Meta,False,,False
ord_40026,2025-04-01,2025-03-31,185.33,cmp_9002,Google,True,SPRING20,False
ord_40027,2025-04-01,2025-03-31,174.21,cmp_9003,Google,False,,False
ord_40028,2025-04-01,2025-03-31,194.99,cmp_7701,Tiktok,False,WELCOME10,False
ord_40029,2025-04-01,2025-03-31,85.83,cmp_8823,Meta,False,WELCOME10,False
ord_40030,2025-04-01,2025-03-31,199.55,cmp_8821,Meta,False,WELCOME10,False
ord_40031,2025-04-01,2025-03-31,110.31,cmp_8822,Meta,False,,False
ord_40032,2025-04-01,2025-03-31,86.11,cmp_7702,Tiktok,False,,False
ord_40033,2025-04-01,2025-03-31,60.16,cmp_9001,Google,False,,False
ord_40034,2025-04-01,2025-03-31,139.1,cmp_8822,Meta,False,SPRING20,False
ord_40035,2025-04-01,2025-03-31,106.87,cmp_8821,Meta,False,WELCOME10,False
ord_40036,2025-04-01,2025-03-31,60.68,cmp_8822,Meta,False,SPRING20,False
ord_40037,2025-04-01,2025-03-31,130.61,cmp_8822,Meta,True,WELCOME10,False
ord_40038,2025-04-01,2025-03-31,107.27,cmp_7702,Tiktok,True,,False
ord_40039,2025-04-01,2025-03-31,39.27,cmp_9003,Google,False,,False
ord_40040,2025-04-01,2025-03-31,194.19,cmp_9001,Google,False,,False
ord_40041,2025-04-01,2025-03-31,152.87,cmp_9002,Google,False,,False
ord_40042,2025-04-01,2025-03-31,219.51,cmp_9001,Google,False,,False
ord_40043,2025-04-01,2025-03-31,217.27,cmp_9001,Google,True,,False
ord_40044,2025-04-01,2025-03-31,194.83,cmp_9002,Google,True,WELCOME10,False
ord_40045,2025-04-01,2025-03-31,127.32,cmp_9002,Google,True,,False
ord_40046,2025-04-01,2025-03-31,104.87,cmp_7701,Tiktok,False,WELCOME10,False
ord_40047,2025-04-01,2025-03-31,181.51,cmp_7702,Tiktok,False,SPRING20,False
ord_40048,2025-04-01,2025-03-31,167.33,cmp_9003,Google,True,SPRING20,False
ord_40049,2025-04-01,2025-03-31,54.08,cmp_8822,Meta,False,SPRING20,False
ord_40050,2025-04-01,2025-03-31,37.22,cmp_7702,Tiktok,False,,False
ord_40051,2025-04-01,2025-03-31,54.23,cmp_9003,Google,True,,False
ord_40052,2025-04-01,2025-03-31,164.19,cmp_9001,Google,False,,False
ord_40053,2025-04-01,2025-03-31,58.12,cmp_9002,Google,False,WELCOME10,False
ord_40054,2025-04-01,2025-03-31,84.44,cmp_8822,Meta,True,,False
ord_40055,2025-04-01,2025-03-31,98.7,cmp_8821,Meta,False,,False
ord_40056,2025-04-01,2025-03-31,112.64,cmp_8822,Meta,False,WELCOME10,False
ord_40057,2025-04-01,2025-03-31,41.35,cmp_8822,Meta,False,,False
ord_40058,2025-04-01,2025-03-31,179.68,cmp_7702,Tiktok,True,,False
ord_40059,2025-04-01,2025-03-31,103.81,cmp_7701,Tiktok,False,,False
ord_40060,2025-04-01,2025-03-31,207.97,cmp_9003,Google,False,,False
ord_40061,2025-04-01,2025-03-31,103.55,cmp_8821,Meta,True,,False
ord_40062,2025-04-01,2025-03-31,130.9,cmp_7701,Tiktok,False,SPRING20,False
ord_40063,2025-04-01,2025-03-31,143.06,cmp_8822,Meta,True,WELCOME10,False
ord_40064,2025-04-01,2025-03-31,117.59,cmp_7702,Tiktok,True,,False
ord_40065,2025-04-01,2025-03-31,168.87,cmp_9002,Google,True,WELCOME10,False
ord_40066,2025-04-01,2025-03-31,197.76,cmp_7702,Tiktok,True,,False
ord_40067,2025-04-01,2025-03-31,60.02,cmp_8823,Meta,False,,False
ord_40068,2025-04-01,2025-03-31,194.53,cmp_8823,Meta,False,,False
ord_40069,2025-04-01,2025-03-31,198.42,cmp_9001,Google,False,SPRING20,False
ord_40070,2025-04-01,2025-03-31,152.43,cmp_7702,Tiktok,False,,False
ord_40071,2025-04-01,2025-03-31,61.4,cmp_7701,Tiktok,True,,False
ord_40072,2025-04-01,2025-03-31,123.06,cmp_9002,Google,False,WELCOME10,False
ord_40073,2025-04-01,2025-03-31,117.14,cmp_8821,Meta,True,,False
ord_40074,2025-04-01,2025-03-31,54.1,cmp_8822,Meta,False,SPRING20,False
ord_40075,2025-04-01,2025-03-31,154.66,cmp_8823,Meta,False,,False
ord_40076,2025-04-01,2025-03-31,168.2,cmp_8823,Meta,True,,False
ord_40077,2025-04-01,2025-03-31,103.55,cmp_9003,Google,True,SPRING20,False
ord_40078,2025-04-01,2025-03-31,35.01,cmp_7701,Tiktok,True,,False
ord_40079,2025-04-01,2025-03-31,158.6,cmp_7702,Tiktok,False,,False
ord_40080,2025-04-01,2025-03-31,137.84,cmp_8823,Meta,False,,False
ord_40081,2025-04-01,2025-03-31,81.85,cmp_7701,Tiktok,False,,False
ord_40082,2025-04-01,2025-03-31,149.68,cmp_8821,Meta,True,,False
ord_40083,2025-04-02,2025-03-31,113.2,cmp_8822,Meta,False,,False
ord_40084,2025-04-02,2025-03-31,57.01,cmp_7701,Tiktok,False,,False
ord_40085,2025-04-02,2025-03-31,37.63,cmp_7701,Tiktok,False,,False
ord_40086,2025-04-02,2025-03-31,194.68,,,False,,True
ord_40087,2025-04-02,2025-03-31,41.18,cmp_7702,Tiktok,False,SPRING20,False
ord_40088,2025-04-02,2025-03-31,175.36,cmp_9002,Google,True,,False
ord_40089,2025-04-02,2025-03-31,86.95,cmp_9001,Google,True,SPRING20,False
ord_40090,2025-04-02,2025-03-31,217.95,cmp_8822,Meta,False,,False
ord_40091,2025-04-02,2025-03-31,79.59,cmp_9002,Google,False,,False
ord_40092,2025-04-02,2025-03-31,134.93,cmp_8821,Meta,False,,False
ord_40093,2025-04-02,2025-03-31,197.7,,,True,SPRING20,True
ord_40094,2025-04-02,2025-03-31,152.03,cmp_7701,Tiktok,False,,False
ord_40095,2025-04-02,2025-03-31,187.32,cmp_8822,Meta,False,,False
ord_40096,2025-04-02,2025-03-31,194.81,cmp_8823,Meta,True,WELCOME10,False
ord_40097,2025-04-02,2025-03-31,190.28,cmp_8821,Meta,False,,False
ord_40098,2025-04-02,2025-03-31,99.33,cmp_7701,Tiktok,True,,False
ord_40099,2025-04-02,2025-03-31,191.54,cmp_9002,Google,True,,False
ord_40100,2025-04-02,2025-03-31,121.22,cmp_9003,Google,True,,False
ord_40101,2025-04-02,2025-03-31,119.57,cmp_7701,Tiktok,True,,False
ord_40102,2025-04-02,2025-03-31,136.1,cmp_8822,Meta,False,SPRING20,False
ord_40103,2025-04-02,2025-03-31,190.2,cmp_9001,Google,False,,False
ord_40104,2025-04-02,2025-03-31,219.6,cmp_9002,Google,True,WELCOME10,False
ord_40105,2025-04-02,2025-03-31,199.05,cmp_9003,Google,False,SPRING20,False
ord_40106,2025-04-02,2025-03-31,165.79,cmp_9001,Google,False,WELCOME10,False
ord_40107,2025-04-02,2025-03-31,38.14,cmp_7702,Tiktok,False,,False
ord_40108,2025-04-02,2025-03-31,123.52,cmp_8822,Meta,True,,False
ord_40109,2025-04-02,2025-03-31,123.92,cmp_8822,Meta,False,,False
ord_40110,2025-04-02,2025-03-31,137.39,cmp_9003,Google,False,,False
ord_40111,2025-04-02,2025-03-31,148.14,cmp_8821,Meta,True,,False
ord_40112,2025-04-02,2025-03-31,37.41,cmp_8821,Meta,False,,False
ord_40113,2025-04-02,2025-03-31,139.98,cmp_9001,Google,True,WELCOME10,False
ord_40114,2025-04-02,2025-03-31,146.14,cmp_9001,Google,False,,False
ord_40115,2025-04-02,2025-03-31,202.34,cmp_8822,Meta,False,SPRING20,False
ord_40116,2025-04-02,2025-03-31,70.06,cmp_8821,Meta,True,,False
ord_40117,2025-04-02,2025-03-31,158.07,cmp_8823,Meta,True,,False
ord_40118,2025-04-02,2025-03-31,151.17,cmp_9002,Google,False,WELCOME10,False
ord_40119,2025-04-02,2025-03-31,62.53,cmp_8823,Meta,False,WELCOME10,False
ord_40120,2025-04-02,2025-03-31,92.22,cmp_8821,Meta,False,,False
ord_40121,2025-04-02,2025-03-31,206.74,cmp_8823,Meta,True,,False
ord_40122,2025-04-02,2025-03-31,47.68,cmp_8821,Meta,False,WELCOME10,False
ord_40123,2025-04-02,2025-03-31,60.27,cmp_8823,Meta,False,,False
ord_40124,2025-04-02,2025-03-31,145.49,cmp_8822,Meta,True,SPRING20,False
ord_40125,2025-04-02,2025-03-31,106.8,cmp_9003,Google,False,WELCOME10,False
ord_40126,2025-04-02,2025-03-31,209.76,cmp_9003,Google,True,,False
ord_40127,2025-04-02,2025-03-31,89.12,cmp_9002,Google,True,SPRING20,False
ord_40128,2025-04-02,2025-03-31,97.14,cmp_9001,Google,True,,False
ord_40129,2025-04-02,2025-03-31,54.69,cmp_8821,Meta,False,SPRING20,False
ord_40130,2025-04-02,2025-03-31,218.1,cmp_7701,Tiktok,True,,False
ord_40131,2025-04-02,2025-03-31,44.57,cmp_8821,Meta,True,SPRING20,False
ord_40132,2025-04-02,2025-03-31,122.21,cmp_8821,Meta,True,,False
ord_40133,2025-04-02,2025-03-31,93.78,cmp_8821,Meta,True,,False
ord_40134,2025-04-02,2025-03-31,166.27,cmp_9001,Google,False,WELCOME10,False
ord_40135,2025-04-02,2025-03-31,180.72,cmp_8823,Meta,False,,False
ord_40136,2025-04-02,2025-03-31,116.63,cmp_8821,Meta,False,,False
ord_40137,2025-04-02,2025-03-31,147.78,cmp_9003,Google,False,WELCOME10,False
ord_40138,2025-04-02,2025-03-31,56.79,cmp_8823,Meta,False,SPRING20,False
ord_40139,2025-04-02,2025-03-31,182.61,cmp_7701,Tiktok,False,,False
ord_40140,2025-04-02,2025-03-31,213.75,cmp_7702,Tiktok,False,,False
ord_40141,2025-04-02,2025-03-31,168.44,cmp_8822,Meta,True,,False
ord_40142,2025-04-02,2025-03-31,37.39,cmp_9003,Google,True,,False
ord_40143,2025-04-02,2025-03-31,211.93,cmp_8821,Meta,False,SPRING20,False
ord_40144,2025-04-02,2025-03-31,39.01,cmp_9002,Google,False,SPRING20,False
ord_40145,2025-04-02,2025-03-31,38.8,cmp_7702,Tiktok,False,SPRING20,False
ord_40146,2025-04-02,2025-03-31,181.27,cmp_7701,Tiktok,True,,False
ord_40147,2025-04-02,2025-03-31,83.18,cmp_7702,Tiktok,False,,False
ord_40148,2025-04-02,2025-03-31,209.34,cmp_9001,Google,False,,False
ord_40149,2025-04-02,2025-03-31,37.5,cmp_9001,Google,True,,False
ord_40150,2025-04-02,2025-03-31,144.15,cmp_8822,Meta,True,SPRING20,False
ord_40151,2025-04-03,2025-03-31,89.69,cmp_9002,Google,False,,False
ord_40152,2025-04-03,2025-03-31,94.05,cmp_7702,Tiktok,False,SPRING20,False
ord_40153,2025-04-03,2025-03-31,176.65,cmp_8822,Meta,True,SPRING20,False
ord_40154,2025-04-03,2025-03-31,161.1,cmp_8822,Meta,False,,False
ord_40155,2025-04-03,2025-03-31,109.15,cmp_9003,Google,False,,False
ord_40156,2025-04-03,2025-03-31,45.7,cmp_8822,Meta,True,,False
ord_40157,2025-04-03,2025-03-31,55.47,cmp_9001,Google,False,,False
ord_40158,2025-04-03,2025-03-31,50.7,cmp_8822,Meta,False,SPRING20,False
ord_40159,2025-04-03,2025-03-31,208.63,cmp_8822,Meta,True,SPRING20,False
ord_40160,2025-04-03,2025-03-31,80.73,cmp_9003,Google,False,SPRING20,False
ord_40161,2025-04-03,2025-03-31,199.39,cmp_7701,Tiktok,False,SPRING20,False
ord_40162,2025-04-03,2025-03-31,126.06,cmp_8822,Meta,False,,False
ord_40163,2025-04-03,2025-03-31,52.09,cmp_8822,Meta,True,WELCOME10,False
ord_40164,2025-04-03,2025-03-31,182.81,cmp_9002,Google,True,,False
ord_40165,2025-04-03,2025-03-31,52.53,cmp_8823,Meta,False,,False
ord_40166,2025-04-03,2025-03-31,143.64,cmp_8823,Meta,True,,False
ord_40167,2025-04-03,2025-03-31,205.44,cmp_9003,Google,True,,False
ord_40168,2025-04-03,2025-03-31,144.03,cmp_9003,Google,True,,False
ord_40169,2025-04-03,2025-03-31,166.02,cmp_9002,Google,False,,False
ord_40170,2025-04-03,2025-03-31,186.15,cmp_8822,Meta,True,,False
ord_40171,2025-04-03,2025-03-31,170.23,cmp_9002,Google,True,WELCOME10,False
ord_40172,2025-04-03,2025-03-31,64.72,cmp_7702,Tiktok,False,,False
ord_40173,2025-04-03,2025-03-31,171.5,cmp_8822,Meta,True,,False
ord_40174,2025-04-03,2025-03-31,88.4,cmp_9001,Google,True,SPRING20,False
ord_40175,2025-04-03,2025-03-31,98.8,cmp_8822,Meta,False,,False
ord_40176,2025-04-03,2025-03-31,117.21,cmp_8822,Meta,True,SPRING20,False
ord_40177,2025-04-03,2025-03-31,57.28,cmp_8821,Meta,False,,False
ord_40178,2025-04-03,2025-03-31,35.98,cmp_8821,Meta,True,,False
ord_40179,2025-04-03,2025-03-31,104.74,cmp_8823,Meta,True,,False
ord_40180,2025-04-03,2025-03-31,102.67,cmp_8822,Meta,False,SPRING20,False
ord_40181,2025-04-03,2025-03-31,72.28,cmp_8823,Meta,False,WELCOME10,False
ord_40182,2025-04-03,2025-03-31,153.58,cmp_8821,Meta,False,SPRING20,False
ord_40183,2025-04-03,2025-03-31,179.47,cmp_8821,Meta,False,,False
ord_40184,2025-04-03,2025-03-31,77.11,cmp_8823,Meta,False,,False
ord_40185,2025-04-03,2025-03-31,184.25,cmp_8823,Meta,False,,False
ord_40186,2025-04-03,2025-03-31,60.73,cmp_8823,Meta,False,,False
ord_40187,2025-04-03,2025-03-31,43.08,cmp_8822,Meta,False,,False
ord_40188,2025-04-03,2025-03-31,206.29,cmp_9003,Google,True,,False
ord_40189,2025-04-03,2025-03-31,98.26,cmp_9001,Google,False,,False
ord_40190,2025-04-03,2025-03-31,90.74,cmp_8822,Meta,True,WELCOME10,False
ord_40191,2025-04-03,2025-03-31,184.33,cmp_8823,Meta,False,,False
ord_40192,2025-04-03,2025-03-31,81.53,cmp_7702,Tiktok,False,,False
ord_40193,2025-04-03,2025-03-31,157.23,cmp_9002,Google,False,WELCOME10,False
ord_40194,2025-04-03,2025-03-31,104.99,cmp_8822,Meta,True,SPRING20,False
ord_40195,2025-04-03,2025-03-31,95.29,cmp_7701,Tiktok,False,,False
ord_40196,2025-04-03,2025-03-31,206.32,cmp_8823,Meta,True,SPRING20,False
ord_40197,2025-04-03,2025-03-31,152.42,cmp_8822,Meta,False,SPRING20,False
ord_40198,2025-04-03,2025-03-31,39.84,cmp_9001,Google,True,SPRING20,False
ord_40199,2025-04-03,2025-03-31,137.65,cmp_8822,Meta,False,SPRING20,False
ord_40200,2025-04-03,2025-03-31,175.07,cmp_9002,Google,True,,False
ord_40201,2025-04-03,2025-03-31,51.61,cmp_9003,Google,True,SPRING20,False
ord_40202,2025-04-03,2025-03-31,105.95,cmp_8822,Meta,False,WELCOME10,False
ord_40203,2025-04-03,2025-03-31,97.85,cmp_8821,Meta,False,,False
ord_40204,2025-04-03,2025-03-31,62.06,cmp_9001,Google,False,,False
ord_40205,2025-04-03,2025-03-31,215.75,cmp_9003,Google,True,WELCOME10,False
ord_40206,2025-04-03,2025-03-31,64.12,cmp_8821,Meta,False,SPRING20,False
ord_40207,2025-04-03,2025-03-31,216.09,cmp_7702,Tiktok,True,WELCOME10,False
ord_40208,2025-04-03,2025-03-31,38.98,cmp_8822,Meta,False,WELCOME10,False
ord_40209,2025-04-03,2025-03-31,211.04,cmp_8823,Meta,False,,False
ord_40210,2025-04-03,2025-03-31,42.81,cmp_8821,Meta,False,,False
ord_40211,2025-04-03,2025-03-31,119.5,cmp_9003,Google,False,WELCOME10,False
ord_40212,2025-04-03,2025-03-31,69.08,cmp_8823,Meta,False,SPRING20,False
ord_40213,2025-04-04,2025-03-31,189.53,cmp_9002,Google,False,,False
ord_40214,2025-04-04,2025-03-31,122.89,cmp_9001,Google,False,,False
ord_40215,2025-04-04,2025-03-31,219.5,cmp_7701,Tiktok,True,WELCOME10,False
ord_40216,2025-04-04,2025-03-31,156.37,cmp_8823,Meta,True,SPRING20,False
ord_40217,2025-04-04,2025-03-31,84.35,cmp_7702,Tiktok,False,,False
ord_40218,2025-04-04,2025-03-31,131.94,cmp_8823,Meta,True,WELCOME10,False
ord_40219,2025-04-04,2025-03-31,179.63,cmp_7701,Tiktok,False,SPRING20,False
ord_40220,2025-04-04,2025-03-31,177.07,cmp_8823,Meta,False,WELCOME10,False
ord_40221,2025-04-04,2025-03-31,186.59,cmp_8823,Meta,True,WELCOME10,False
ord_40222,2025-04-04,2025-03-31,128.7,cmp_7701,Tiktok,True,,False
ord_40223,2025-04-04,2025-03-31,95.52,cmp_8823,Meta,False,SPRING20,False
ord_40224,2025-04-04,2025-03-31,57.53,cmp_9002,Google,False,,False
ord_40225,2025-04-04,2025-03-31,47.83,cmp_7702,Tiktok,False,SPRING20,False
ord_40226,2025-04-04,2025-03-31,184.23,cmp_8823,Meta,False,,False
ord_40227,2025-04-04,2025-03-31,96.47,cmp_9003,Google,True,,False
ord_40228,2025-04-04,2025-03-31,47.06,cmp_9001,Google,True,,False
ord_40229,2025-04-04,2025-03-31,64.29,cmp_9001,Google,False,,False
ord_40230,2025-04-04,2025-03-31,43.64,cmp_9001,Google,False,SPRING20,False
ord_40231,2025-04-04,2025-03-31,185.36,cmp_9001,Google,False,WELCOME10,False
ord_40232,2025-04-04,2025-03-31,126.18,cmp_8822,Meta,True,,False
ord_40233,2025-04-04,2025-03-31,172.88,cmp_7702,Tiktok,False,SPRING20,False
ord_40234,2025-04-04,2025-03-31,156.34,cmp_7702,Tiktok,False,,False
ord_40235,2025-04-04,2025-03-31,164.41,cmp_7702,Tiktok,False,,False
ord_40236,2025-04-04,2025-03-31,85.61,cmp_9001,Google,False,WELCOME10,False
ord_40237,2025-04-04,2025-03-31,91.58,cmp_9002,Google,True,,False
ord_40238,2025-04-04,2025-03-31,41.72,cmp_7701,Tiktok,True,SPRING20,False
ord_40239,2025-04-04,2025-03-31,79.12,cmp_9002,Google,True,,False
ord_40240,2025-04-04,2025-03-31,94.18,cmp_7701,Tiktok,False,SPRING20,False
ord_40241,2025-04-04,2025-03-31,201.51,cmp_8821,Meta,True,SPRING20,False
ord_40242,2025-04-04,2025-03-31,48.22,,,False,SPRING20,True
ord_40243,2025-04-04,2025-03-31,77.35,cmp_8821,Meta,False,,False
ord_40244,2025-04-04,2025-03-31,55.75,cmp_8822,Meta,True,SPRING20,False
ord_40245,2025-04-04,2025-03-31,178.94,cmp_8821,Meta,False,,False
ord_40246,2025-04-04,2025-03-31,85.57,cmp_7701,Tiktok,False,SPRING20,False
ord_40247,2025-04-04,2025-03-31,182.52,cmp_7702,Tiktok,False,,False
ord_40248,2025-04-04,2025-03-31,198.15,cmp_8821,Meta,False,,False
ord_40249,2025-04-04,2025-03-31,162.48,cmp_8821,Meta,True,,False
ord_40250,2025-04-04,2025-03-31,189.07,cmp_7701,Tiktok,False,,False
ord_40251,2025-04-04,2025-03-31,182.43,cmp_8821,Meta,True,,False
ord_40252,2025-04-04,2025-03-31,76.33,cmp_7701,Tiktok,True,SPRING20,False
ord_40253,2025-04-04,2025-03-31,178.25,cmp_9002,Google,False,WELCOME10,False
ord_40254,2025-04-04,2025-03-31,191.77,cmp_9003,Google,True,,False
ord_40255,2025-04-04,2025-03-31,179.89,cmp_9003,Google,True,SPRING20,False
ord_40256,2025-04-04,2025-03-31,98.57,cmp_9001,Google,True,,False
ord_40257,2025-04-04,2025-03-31,162.39,cmp_9001,Google,False,,False
ord_40258,2025-04-04,2025-03-31,91.62,cmp_7702,Tiktok,True,SPRING20,False
ord_40259,2025-04-04,2025-03-31,87.98,cmp_8822,Meta,True,WELCOME10,False
ord_40260,2025-04-04,2025-03-31,123.77,cmp_9002,Google,True,WELCOME10,False
ord_40261,2025-04-04,2025-03-31,126.35,cmp_8822,Meta,True,WELCOME10,False
ord_40262,2025-04-04,2025-03-31,133.94,cmp_7701,Tiktok,False,,False
ord_40263,2025-04-04,2025-03-31,204.86,cmp_8821,Meta,False,,False
ord_40264,2025-04-04,2025-03-31,159.79,cmp_9002,Google,False,SPRING20,False
ord_40265,2025-04-04,2025-03-31,96.81,cmp_7702,Tiktok,False,,False
ord_40266,2025-04-04,2025-03-31,164.4,cmp_7701,Tiktok,True,WELCOME10,False
ord_40267,2025-04-04,2025-03-31,117.77,cmp_9003,Google,True,,False
ord_40268,2025-04-04,2025-03-31,187.17,cmp_9003,Google,True,,False
ord_40269,2025-04-04,2025-03-31,196.27,cmp_8823,Meta,True,,False
ord_40270,2025-04-04,2025-03-31,101.14,cmp_7701,Tiktok,False,WELCOME10,False
ord_40271,2025-04-04,2025-03-31,212.52,cmp_9002,Google,True,,False
ord_40272,2025-04-04,2025-03-31,156.1,cmp_8823,Meta,False,,False
ord_40273,2025-04-04,2025-03-31,69.98,cmp_7701,Tiktok,True,,False
ord_40274,2025-04-04,2025-03-31,60.29,cmp_7702,Tiktok,False,,False
ord_40275,2025-04-04,2025-03-31,138.72,cmp_9001,Google,False,,False
ord_40276,2025-04-04,2025-03-31,68.0,cmp_8821,Meta,True,WELCOME10,False
ord_40277,2025-04-04,2025-03-31,103.11,cmp_9001,Google,True,WELCOME10,False
ord_40278,2025-04-04,2025-03-31,194.72,cmp_9003,Google,True,,False
ord_40279,2025-04-04,2025-03-31,154.77,cmp_9001,Google,True,WELCOME10,False
ord_40280,2025-04-04,2025-03-31,202.08,cmp_9003,Google,False,,False
ord_40281,2025-04-04,2025-03-31,126.97,cmp_7701,Tiktok,True,,False
ord_40282,2025-04-04,2025-03-31,104.63,cmp_7702,Tiktok,False,SPRING20,False
ord_40283,2025-04-04,2025-03-31,57.55,cmp_9003,Google,True,,False
ord_40284,2025-04-04,2025-03-31,72.62,cmp_9001,Google,False,SPRING20,False
ord_40285,2025-04-04,2025-03-31,128.3,cmp_9003,Google,True,SPRING20,False
ord_40286,2025-04-04,2025-03-31,132.15,cmp_8823,Meta,False,WELCOME10,False
ord_40287,2025-04-04,2025-03-31,54.57,cmp_8822,Meta,False,,False
ord_40288,2025-04-05,2025-03-31,200.63,cmp_9001,Google,False,WELCOME10,False
ord_40289,2025-04-05,2025-03-31,90.79,cmp_7702,Tiktok,True,,False
ord_40290,2025-04-05,2025-03-31,214.75,cmp_8822,Meta,False,,False
ord_40291,2025-04-05,2025-03-31,39.47,cmp_8821,Meta,True,,False
ord_40292,2025-04-05,2025-03-31,95.05,cmp_7702,Tiktok,True,,False
ord_40293,2025-04-05,2025-03-31,150.51,cmp_9002,Google,False,WELCOME10,False
ord_40294,2025-04-05,2025-03-31,113.47,cmp_9001,Google,False,,False
ord_40295,2025-04-05,2025-03-31,147.42,cmp_8823,Meta,True,,False
ord_40296,2025-04-05,2025-03-31,184.14,cmp_8823,Meta,True,SPRING20,False
ord_40297,2025-04-05,2025-03-31,190.3,cmp_8823,Meta,False,,False
ord_40298,2025-04-05,2025-03-31,179.36,cmp_7702,Tiktok,True,SPRING20,False
ord_40299,2025-04-05,2025-03-31,109.51,cmp_9001,Google,False,SPRING20,False
ord_40300,2025-04-05,2025-03-31,179.46,cmp_9002,Google,False,WELCOME10,False
ord_40301,2025-04-05,2025-03-31,70.79,cmp_7702,Tiktok,False,,False
ord_40302,2025-04-05,2025-03-31,120.77,cmp_8821,Meta,True,SPRING20,False
ord_40303,2025-04-05,2025-03-31,106.15,cmp_9003,Google,True,,False
ord_40304,2025-04-05,2025-03-31,211.8,cmp_9002,Google,True,,False
ord_40305,2025-04-05,2025-03-31,38.11,cmp_9003,Google,True,WELCOME10,False
ord_40306,2025-04-05,2025-03-31,166.49,cmp_9001,Google,False,,False
ord_40307,2025-04-05,2025-03-31,184.99,cmp_7702,Tiktok,True,WELCOME10,False
ord_40308,2025-04-05,2025-03-31,98.45,cmp_8823,Meta,False,,False
ord_40309,2025-04-05,2025-03-31,102.8,cmp_8822,Meta,True,WELCOME10,False
ord_40310,2025-04-05,2025-03-31,207.6,cmp_8823,Meta,False,,False
ord_40311,2025-04-05,2025-03-31,114.42,cmp_9001,Google,False,,False
ord_40312,2025-04-05,2025-03-31,73.55,cmp_8823,Meta,False,WELCOME10,False
ord_40313,2025-04-05,2025-03-31,216.35,cmp_9002,Google,False,,False
ord_40314,2025-04-05,2025-03-31,112.79,cmp_7702,Tiktok,False,,False
ord_40315,2025-04-05,2025-03-31,114.42,cmp_7701,Tiktok,False,SPRING20,False
ord_40316,2025-04-05,2025-03-31,175.94,cmp_8823,Meta,False,,False
ord_40317,2025-04-05,2025-03-31,159.83,cmp_9003,Google,False,,False
ord_40318,2025-04-05,2025-03-31,56.63,cmp_9003,Google,False,SPRING20,False
ord_40319,2025-04-05,2025-03-31,58.57,cmp_9002,Google,False,,False
ord_40320,2025-04-05,2025-03-31,100.39,cmp_8823,Meta,False,WELCOME10,False
ord_40321,2025-04-05,2025-03-31,165.52,cmp_7701,Tiktok,True,,False
ord_40322,2025-04-05,2025-03-31,156.52,cmp_9003,Google,False,,False
ord_40323,2025-04-05,2025-03-31,152.25,cmp_8823,Meta,False,WELCOME10,False
ord_40324,2025-04-05,2025-03-31,91.67,cmp_9003,Google,False,,False
ord_40325,2025-04-05,2025-03-31,162.03,cmp_8821,Meta,False,,False
ord_40326,2025-04-05,2025-03-31,156.04,cmp_9002,Google,False,WELCOME10,False
ord_40327,2025-04-05,2025-03-31,112.93,cmp_8823,Meta,True,SPRING20,False
ord_40328,2025-04-05,2025-03-31,178.34,cmp_9002,Google,True,,False
ord_40329,2025-04-05,2025-03-31,158.82,cmp_7702,Tiktok,True,,False
ord_40330,2025-04-05,2025-03-31,131.14,cmp_8822,Meta,False,SPRING20,False
ord_40331,2025-04-05,2025-03-31,189.7,cmp_7702,Tiktok,False,,False
ord_40332,2025-04-05,2025-03-31,113.56,cmp_7701,Tiktok,False,,False
ord_40333,2025-04-05,2025-03-31,136.77,cmp_8822,Meta,False,WELCOME10,False
ord_40334,2025-04-05,2025-03-31,156.7,cmp_8822,Meta,True,,False
ord_40335,2025-04-05,2025-03-31,152.65,cmp_8823,Meta,False,,False
ord_40336,2025-04-05,2025-03-31,40.4,cmp_8822,Meta,False,WELCOME10,False
ord_40337,2025-04-05,2025-03-31,116.07,cmp_7701,Tiktok,True,WELCOME10,False
ord_40338,2025-04-05,2025-03-31,132.82,cmp_8821,Meta,True,SPRING20,False
ord_40339,2025-04-05,2025-03-31,163.79,cmp_7702,Tiktok,False,,False
ord_40340,2025-04-05,2025-03-31,115.5,cmp_9003,Google,False,SPRING20,False
ord_40341,2025-04-05,2025-03-31,39.88,cmp_8822,Meta,False,WELCOME10,False
ord_40342,2025-04-05,2025-03-31,164.95,cmp_7702,Tiktok,False,,False
ord_40343,2025-04-05,2025-03-31,189.19,cmp_9001,Google,False,,False
ord_40344,2025-04-05,2025-03-31,125.85,cmp_9002,Google,True,SPRING20,False
ord_40345,2025-04-05,2025-03-31,188.24,cmp_8822,Meta,False,,False
ord_40346,2025-04-05,2025-03-31,156.39,cmp_7702,Tiktok,True,,False
ord_40347,2025-04-05,2025-03-31,206.93,cmp_8822,Meta,False,,False
ord_40348,2025-04-05,2025-03-31,36.31,cmp_9003,Google,False,,False
ord_40349,2025-04-05,2025-03-31,218.19,cmp_8822,Meta,True,,False
ord_40350,2025-04-05,2025-03-31,57.71,cmp_7702,Tiktok,False,SPRING20,False
ord_40351,2025-04-05,2025-03-31,215.82,cmp_7701,Tiktok,True,,False
ord_40352,2025-04-05,2025-03-31,71.24,cmp_9003,Google,True,,False
ord_40353,2025-04-05,2025-03-31,127.85,cmp_8821,Meta,False,,False
ord_40354,2025-04-05,2025-03-31,216.31,cmp_9003,Google,False,SPRING20,False
ord_40355,2025-04-05,2025-03-31,192.37,cmp_9001,Google,False,,False
ord_40356,2025-04-05,2025-03-31,174.45,cmp_8822,Meta,True,,False
ord_40357,2025-04-05,2025-03-31,196.63,cmp_7701,Tiktok,False,,False
ord_40358,2025-04-05,2025-03-31,172.19,cmp_8822,Meta,False,,False
ord_40359,2025-04-05,2025-03-31,161.39,cmp_9001,Google,False,,False
ord_40360,2025-04-05,2025-03-31,91.59,cmp_9003,Google,False,,False
ord_40361,2025-04-05,2025-03-31,125.69,cmp_8821,Meta,False,WELCOME10,False
ord_40362,2025-04-06,2025-03-31,140.53,cmp_9001,Google,False,,False
ord_40363,2025-04-06,2025-03-31,201.46,cmp_7701,Tiktok,False,WELCOME10,False
ord_40364,2025-04-06,2025-03-31,100.24,cmp_9002,Google,False,,False
ord_40365,2025-04-06,2025-03-31,83.66,cmp_8823,Meta,False,WELCOME10,False
ord_40366,2025-04-06,2025-03-31,125.38,cmp_8823,Meta,True,,False
ord_40367,2025-04-06,2025-03-31,94.27,cmp_7701,Tiktok,True,WELCOME10,False
ord_40368,2025-04-06,2025-03-31,164.88,cmp_7702,Tiktok,True,,False
ord_40369,2025-04-06,2025-03-31,66.05,cmp_9002,Google,True,,False
ord_40370,2025-04-06,2025-03-31,37.11,,,True,SPRING20,True
ord_40371,2025-04-06,2025-03-31,217.63,cmp_7702,Tiktok,False,,False
ord_40372,2025-04-06,2025-03-31,209.6,cmp_9001,Google,True,,False
ord_40373,2025-04-06,2025-03-31,75.44,cmp_7702,Tiktok,False,,False
ord_40374,2025-04-06,2025-03-31,191.53,cmp_8823,Meta,False,,False
ord_40375,2025-04-06,2025-03-31,64.2,cmp_7702,Tiktok,False,,False
ord_40376,2025-04-06,2025-03-31,118.71,cmp_9003,Google,True,,False
ord_40377,2025-04-06,2025-03-31,76.97,cmp_7701,Tiktok,False,SPRING20,False
ord_40378,2025-04-06,2025-03-31,56.54,cmp_7701,Tiktok,False,,False
ord_40379,2025-04-06,2025-03-31,64.57,cmp_8823,Meta,False,,False
ord_40380,2025-04-06,2025-03-31,143.47,cmp_8822,Meta,False,SPRING20,False
ord_40381,2025-04-06,2025-03-31,163.06,cmp_8821,Meta,True,,False
ord_40382,2025-04-06,2025-03-31,137.35,cmp_9003,Google,True,WELCOME10,False
ord_40383,2025-04-06,2025-03-31,131.41,cmp_9002,Google,False,WELCOME10,False
ord_40384,2025-04-06,2025-03-31,204.35,cmp_9001,Google,False,,False
ord_40385,2025-04-06,2025-03-31,172.95,cmp_8821,Meta,True,,False
ord_40386,2025-04-06,2025-03-31,208.99,cmp_8823,Meta,True,,False
ord_40387,2025-04-06,2025-03-31,165.01,cmp_7701,Tiktok,True,SPRING20,False
ord_40388,2025-04-06,2025-03-31,214.9,cmp_8822,Meta,False,WELCOME10,False
ord_40389,2025-04-06,2025-03-31,131.32,cmp_9002,Google,True,,False
ord_40390,2025-04-06,2025-03-31,138.05,cmp_8823,Meta,False,,False
ord_40391,2025-04-06,2025-03-31,103.93,cmp_8822,Meta,False,WELCOME10,False
ord_40392,2025-04-06,2025-03-31,140.31,cmp_8822,Meta,True,SPRING20,False
ord_40393,2025-04-06,2025-03-31,159.09,cmp_8823,Meta,True,SPRING20,False
ord_40394,2025-04-06,2025-03-31,60.65,cmp_9001,Google,False,,False
ord_40395,2025-04-06,2025-03-31,115.39,cmp_7701,Tiktok,True,,False
ord_40396,2025-04-06,2025-03-31,47.44,cmp_9002,Google,True,,False
ord_40397,2025-04-06,2025-03-31,98.8,cmp_7702,Tiktok,False,SPRING20,False
ord_40398,2025-04-06,2025-03-31,59.11,cmp_8823,Meta,False,,False
ord_40399,2025-04-06,2025-03-31,39.08,cmp_9001,Google,False,,False
ord_40400,2025-04-06,2025-03-31,86.74,cmp_7702,Tiktok,False,WELCOME10,False
ord_40401,2025-04-06,2025-03-31,153.54,cmp_9001,Google,True,SPRING20,False
ord_40402,2025-04-06,2025-03-31,183.96,cmp_8822,Meta,False,,False
ord_40403,2025-04-06,2025-03-31,172.2,cmp_9002,Google,True,,False
ord_40404,2025-04-06,2025-03-31,134.47,cmp_9003,Google,True,,False
ord_40405,2025-04-06,2025-03-31,120.8,cmp_8822,Meta,True,WELCOME10,False
ord_40406,2025-04-06,2025-03-31,59.52,cmp_7701,Tiktok,True,SPRING20,False
ord_40407,2025-04-06,2025-03-31,110.87,cmp_9001,Google,True,WELCOME10,False
ord_40408,2025-04-06,2025-03-31,65.2,cmp_9003,Google,True,WELCOME10,False
ord_40409,2025-04-06,2025-03-31,196.62,cmp_8821,Meta,False,WELCOME10,False
ord_40410,2025-04-06,2025-03-31,103.15,cmp_7701,Tiktok,True,,False
ord_40411,2025-04-06,2025-03-31,79.92,cmp_8823,Meta,True,SPRING20,False
ord_40412,2025-04-06,2025-03-31,150.02,cmp_7702,Tiktok,False,,False
ord_40413,2025-04-06,2025-03-31,75.21,cmp_8821,Meta,True,,False
ord_40414,2025-04-06,2025-03-31,94.34,cmp_8822,Meta,True,SPRING20,False
ord_40415,2025-04-06,2025-03-31,41.21,cmp_7701,Tiktok,True,,False
ord_40416,2025-04-06,2025-03-31,147.53,cmp_7701,Tiktok,False,,False
ord_40417,2025-04-06,2025-03-31,201.57,cmp_7701,Tiktok,False,,False
ord_40418,2025-04-06,2025-03-31,147.49,cmp_8822,Meta,False,,False
ord_40419,2025-04-06,2025-03-31,75.43,cmp_9002,Google,True,WELCOME10,False
ord_40420,2025-04-06,2025-03-31,111.58,cmp_9001,Google,False,SPRING20,False
ord_40421,2025-04-06,2025-03-31,167.31,cmp_7702,Tiktok,False,SPRING20,False
ord_40422,2025-04-06,2025-03-31,148.55,cmp_8822,Meta,False,WELCOME10,False
ord_40423,2025-04-06,2025-03-31,183.5,cmp_7702,Tiktok,True,SPRING20,False
ord_40424,2025-04-06,2025-03-31,155.22,cmp_9002,Google,True,,False
ord_40425,2025-04-06,2025-03-31,58.69,cmp_9002,Google,False,,False
ord_40426,2025-04-06,2025-03-31,197.39,cmp_7702,Tiktok,False,WELCOME10,False
ord_40427,2025-04-06,2025-03-31,56.92,cmp_7702,Tiktok,False,,False
ord_40428,2025-04-06,2025-03-31,185.13,cmp_7701,Tiktok,False,SPRING20,False
ord_40429,2025-04-06,2025-03-31,83.78,cmp_8822,Meta,True,,False
ord_40430,2025-04-06,2025-03-31,191.08,cmp_9001,Google,True,SPRING20,False
ord_40431,2025-04-06,2025-03-31,162.59,cmp_7702,Tiktok,False,,False
ord_40432,2025-04-06,2025-03-31,138.22,cmp_8823,Meta,False,SPRING20,False
ord_40433,2025-04-06,2025-03-31,78.62,cmp_9001,Google,True,,False
ord_40434,2025-04-06,2025-03-31,48.6,cmp_8821,Meta,False,,False
ord_40435,2025-04-06,2025-03-31,62.52,cmp_8823,Meta,False,WELCOME10,False
ord_40436,2025-04-06,2025-03-31,206.43,cmp_7702,Tiktok,False,,False
ord_40437,2025-04-06,2025-03-31,158.02,cmp_9001,Google,True,,False
ord_40438,2025-04-07,2025-04-07,65.16,cmp_9003,Google,True,,False
ord_40439,2025-04-07,2025-04-07,52.36,cmp_9002,Google,False,WELCOME10,False
ord_40440,2025-04-07,2025-04-07,183.02,cmp_9002,Google,False,WELCOME10,False
ord_40441,2025-04-07,2025-04-07,162.8,cmp_7702,Tiktok,False,,False
ord_40442,2025-04-07,2025-04-07,109.2,cmp_7702,Tiktok,False,WELCOME10,False
ord_40443,2025-04-07,2025-04-07,43.67,,,False,,True
ord_40444,2025-04-07,2025-04-07,178.14,cmp_8823,Meta,False,WELCOME10,False
ord_40445,2025-04-07,2025-04-07,64.83,cmp_7702,Tiktok,False,,False
ord_40446,2025-04-07,2025-04-07,88.57,cmp_7702,Tiktok,True,,False
ord_40447,2025-04-07,2025-04-07,135.35,cmp_7701,Tiktok,False,,False
ord_40448,2025-04-07,2025-04-07,89.11,cmp_7701,Tiktok,True,,False
ord_40449,2025-04-07,2025-04-07,56.77,cmp_9001,Google,False,WELCOME10,False
ord_40450,2025-04-07,2025-04-07,214.72,cmp_8823,Meta,False,SPRING20,False
ord_40451,2025-04-07,2025-04-07,97.37,cmp_9002,Google,True,WELCOME10,False
ord_40452,2025-04-07,2025-04-07,190.31,cmp_9001,Google,True,SPRING20,False
ord_40453,2025-04-07,2025-04-07,189.64,cmp_8823,Meta,True,,False
ord_40454,2025-04-07,2025-04-07,145.5,cmp_8822,Meta,False,,False
ord_40455,2025-04-07,2025-04-07,96.63,cmp_9002,Google,False,,False
ord_40456,2025-04-07,2025-04-07,156.37,cmp_8823,Meta,True,,False
ord_40457,2025-04-07,2025-04-07,154.32,cmp_8821,Meta,False,,False
ord_40458,2025-04-07,2025-04-07,164.78,cmp_7702,Tiktok,True,WELCOME10,False
ord_40459,2025-04-07,2025-04-07,185.15,,,False,,True
ord_40460,2025-04-07,2025-04-07,177.45,cmp_7701,Tiktok,False,WELCOME10,False
ord_40461,2025-04-07,2025-04-07,64.07,cmp_8822,Meta,False,,False
ord_40462,2025-04-07,2025-04-07,124.34,cmp_8823,Meta,False,,False
ord_40463,2025-04-07,2025-04-07,45.05,cmp_8821,Meta,False,,False
ord_40464,2025-04-07,2025-04-07,138.44,cmp_8821,Meta,True,,False
ord_40465,2025-04-07,2025-04-07,71.5,cmp_8821,Meta,False,WELCOME10,False
ord_40466,2025-04-07,2025-04-07,199.79,cmp_8822,Meta,True,WELCOME10,False
ord_40467,2025-04-07,2025-04-07,87.81,cmp_9003,Google,True,,False
ord_40468,2025-04-07,2025-04-07,195.08,cmp_9002,Google,False,,False
ord_40469,2025-04-07,2025-04-07,44.14,cmp_7702,Tiktok,False,WELCOME10,False
ord_40470,2025-04-07,2025-04-07,215.0,cmp_8823,Meta,True,,False
ord_40471,2025-04-07,2025-04-07,166.11,cmp_8823,Meta,True,,False
ord_40472,2025-04-07,2025-04-07,95.93,cmp_7702,Tiktok,True,WELCOME10,False
ord_40473,2025-04-07,2025-04-07,219.55,cmp_8823,Meta,False,SPRING20,False
ord_40474,2025-04-07,2025-04-07,145.82,cmp_8823,Meta,False,,False
ord_40475,2025-04-07,2025-04-07,37.69,cmp_8821,Meta,False,,False
ord_40476,2025-04-07,2025-04-07,115.27,cmp_8822,Meta,True,SPRING20,False
ord_40477,2025-04-07,2025-04-07,155.13,,,True,,True
ord_40478,2025-04-07,2025-04-07,206.25,cmp_9001,Google,True,,False
ord_40479,2025-04-07,2025-04-07,178.29,cmp_9001,Google,False,,False
ord_40480,2025-04-07,2025-04-07,173.78,cmp_8822,Meta,False,,False
ord_40481,2025-04-07,2025-04-07,102.03,cmp_8822,Meta,False,SPRING20,False
ord_40482,2025-04-07,2025-04-07,95.28,cmp_8821,Meta,False,WELCOME10,False
ord_40483,2025-04-07,2025-04-07,187.45,cmp_9003,Google,True,SPRING20,False
ord_40484,2025-04-07,2025-04-07,131.54,cmp_8822,Meta,True,,False
ord_40485,2025-04-07,2025-04-07,184.58,cmp_8822,Meta,True,SPRING20,False
ord_40486,2025-04-07,2025-04-07,157.75,cmp_9002,Google,False,SPRING20,False
ord_40487,2025-04-07,2025-04-07,164.95,cmp_9001,Google,False,WELCOME10,False
ord_40488,2025-04-07,2025-04-07,84.27,cmp_9002,Google,False,,False
ord_40489,2025-04-07,2025-04-07,78.73,cmp_7701,Tiktok,True,WELCOME10,False
ord_40490,2025-04-07,2025-04-07,178.51,cmp_7701,Tiktok,False,,False
ord_40491,2025-04-07,2025-04-07,138.27,cmp_8821,Meta,False,,False
ord_40492,2025-04-07,2025-04-07,153.32,cmp_8821,Meta,False,WELCOME10,False
ord_40493,2025-04-07,2025-04-07,161.6,cmp_7701,Tiktok,True,SPRING20,False
ord_40494,2025-04-07,2025-04-07,71.63,cmp_9001,Google,False,WELCOME10,False
ord_40495,2025-04-07,2025-04-07,186.7,cmp_9003,Google,False,,False
ord_40496,2025-04-07,2025-04-07,91.77,cmp_8821,Meta,False,,False
ord_40497,2025-04-07,2025-04-07,198.1,cmp_9003,Google,True,,False
ord_40498,2025-04-07,2025-04-07,183.51,cmp_9003,Google,True,,False
ord_40499,2025-04-07,2025-04-07,47.34,cmp_8823,Meta,False,,False
ord_40500,2025-04-08,2025-04-07,60.85,cmp_9002,Google,False,WELCOME10,False
ord_40501,2025-04-08,2025-04-07,132.17,cmp_7702,Tiktok,False,,False
ord_40502,2025-04-08,2025-04-07,56.12,cmp_7702,Tiktok,True,WELCOME10,False
ord_40503,2025-04-08,2025-04-07,187.39,cmp_8821,Meta,True,,False
ord_40504,2025-04-08,2025-04-07,147.58,cmp_8821,Meta,True,WELCOME10,False
ord_40505,2025-04-08,2025-04-07,120.71,cmp_9001,Google,False,,False
ord_40506,2025-04-08,2025-04-07,204.39,cmp_7701,Tiktok,False,SPRING20,False
ord_40507,2025-04-08,2025-04-07,207.92,cmp_9003,Google,True,,False
ord_40508,2025-04-08,2025-04-07,147.72,cmp_7701,Tiktok,False,,False
ord_40509,2025-04-08,2025-04-07,218.04,cmp_7702,Tiktok,True,,False
ord_40510,2025-04-08,2025-04-07,71.16,cmp_8823,Meta,True,,False
ord_40511,2025-04-08,2025-04-07,177.49,cmp_9001,Google,True,SPRING20,False
ord_40512,2025-04-08,2025-04-07,122.62,cmp_9003,Google,True,,False
ord_40513,2025-04-08,2025-04-07,106.33,cmp_7702,Tiktok,False,,False
ord_40514,2025-04-08,2025-04-07,103.01,cmp_9003,Google,True,WELCOME10,False
ord_40515,2025-04-08,2025-04-07,184.23,cmp_9002,Google,True,,False
ord_40516,2025-04-08,2025-04-07,82.14,cmp_8821,Meta,False,,False
ord_40517,2025-04-08,2025-04-07,56.18,cmp_8822,Meta,True,WELCOME10,False
ord_40518,2025-04-08,2025-04-07,164.69,cmp_8823,Meta,False,,False
ord_40519,2025-04-08,2025-04-07,106.93,cmp_9003,Google,False,WELCOME10,False
ord_40520,2025-04-08,2025-04-07,168.69,cmp_8823,Meta,True,,False
ord_40521,2025-04-08,2025-04-07,179.03,cmp_7702,Tiktok,False,,False
ord_40522,2025-04-08,2025-04-07,129.07,cmp_9001,Google,False,,False
ord_40523,2025-04-08,2025-04-07,185.9,cmp_9003,Google,False,,False
ord_40524,2025-04-08,2025-04-07,158.99,cmp_7702,Tiktok,True,,False
ord_40525,2025-04-08,2025-04-07,164.04,cmp_8821,Meta,False,,False
ord_40526,2025-04-08,2025-04-07,61.73,cmp_9001,Google,False,SPRING20,False
ord_40527,2025-04-08,2025-04-07,181.94,cmp_8823,Meta,False,SPRING20,False
ord_40528,2025-04-08,2025-04-07,82.79,cmp_9002,Google,True,,False
ord_40529,2025-04-08,2025-04-07,219.18,cmp_7701,Tiktok,True,WELCOME10,False
ord_40530,2025-04-08,2025-04-07,133.04,cmp_9001,Google,True,,False
ord_40531,2025-04-08,2025-04-07,213.17,cmp_8821,Meta,False,WELCOME10,False
ord_40532,2025-04-08,2025-04-07,39.49,cmp_9001,Google,False,SPRING20,False
ord_40533,2025-04-08,2025-04-07,196.49,cmp_7701,Tiktok,True,,False
ord_40534,2025-04-08,2025-04-07,152.4,cmp_9003,Google,True,WELCOME10,False
ord_40535,2025-04-08,2025-04-07,208.14,cmp_8823,Meta,True,SPRING20,False
ord_40536,2025-04-08,2025-04-07,121.48,cmp_7701,Tiktok,True,SPRING20,False
ord_40537,2025-04-08,2025-04-07,115.16,cmp_8821,Meta,False,,False
ord_40538,2025-04-08,2025-04-07,155.36,cmp_8823,Meta,True,WELCOME10,False
ord_40539,2025-04-08,2025-04-07,216.81,cmp_9001,Google,True,SPRING20,False
ord_40540,2025-04-08,2025-04-07,141.46,cmp_7702,Tiktok,False,SPRING20,False
ord_40541,2025-04-08,2025-04-07,124.49,cmp_8821,Meta,False,,False
ord_40542,2025-04-08,2025-04-07,212.58,cmp_8822,Meta,False,,False
ord_40543,2025-04-08,2025-04-07,83.68,cmp_8822,Meta,False,,False
ord_40544,2025-04-08,2025-04-07,207.52,cmp_9001,Google,True,SPRING20,False
ord_40545,2025-04-08,2025-04-07,73.57,cmp_7702,Tiktok,True,,False
ord_40546,2025-04-08,2025-04-07,181.82,cmp_7702,Tiktok,True,SPRING20,False
ord_40547,2025-04-08,2025-04-07,96.55,cmp_9001,Google,True,SPRING20,False
ord_40548,2025-04-08,2025-04-07,136.56,cmp_7701,Tiktok,False,SPRING20,False
ord_40549,2025-04-08,2025-04-07,69.03,cmp_8821,Meta,False,WELCOME10,False
ord_40550,2025-04-08,2025-04-07,41.91,cmp_8823,Meta,True,,False
ord_40551,2025-04-08,2025-04-07,207.84,cmp_8823,Meta,False,SPRING20,False
ord_40552,2025-04-08,2025-04-07,217.69,cmp_9003,Google,False,,False
ord_40553,2025-04-08,2025-04-07,202.24,cmp_9003,Google,False,,False
ord_40554,2025-04-08,2025-04-07,126.68,cmp_8823,Meta,True,,False
ord_40555,2025-04-08,2025-04-07,100.89,cmp_7702,Tiktok,True,WELCOME10,False
ord_40556,2025-04-08,2025-04-07,210.29,cmp_8823,Meta,False,,False
ord_40557,2025-04-08,2025-04-07,47.67,cmp_8822,Meta,False,WELCOME10,False
ord_40558,2025-04-08,2025-04-07,67.53,cmp_8822,Meta,False,,False
ord_40559,2025-04-08,2025-04-07,90.56,cmp_9001,Google,True,,False
ord_40560,2025-04-08,2025-04-07,193.82,cmp_9002,Google,False,,False
ord_40561,2025-04-08,2025-04-07,172.91,cmp_9002,Google,False,,False
ord_40562,2025-04-08,2025-04-07,107.79,cmp_7701,Tiktok,True,,False
ord_40563,2025-04-08,2025-04-07,112.56,cmp_9001,Google,False,WELCOME10,False
ord_40564,2025-04-08,2025-04-07,41.78,cmp_8823,Meta,False,,False
ord_40565,2025-04-08,2025-04-07,216.95,cmp_8823,Meta,False,,False
ord_40566,2025-04-08,2025-04-07,181.89,cmp_8821,Meta,True,SPRING20,False
ord_40567,2025-04-08,2025-04-07,189.52,cmp_9002,Google,False,SPRING20,False
ord_40568,2025-04-08,2025-04-07,86.29,cmp_7701,Tiktok,False,SPRING20,False
ord_40569,2025-04-08,2025-04-07,92.83,cmp_7701,Tiktok,False,,False
ord_40570,2025-04-08,2025-04-07,124.23,cmp_9003,Google,True,,False
ord_40571,2025-04-08,2025-04-07,197.92,cmp_7702,Tiktok,True,,False
ord_40572,2025-04-08,2025-04-07,174.27,cmp_9001,Google,False,SPRING20,False
ord_40573,2025-04-08,2025-04-07,145.43,cmp_9001,Google,False,,False
ord_40574,2025-04-08,2025-04-07,64.17,cmp_8823,Meta,False,,False
ord_40575,2025-04-08,2025-04-07,190.2,cmp_7702,Tiktok,False,,False
ord_40576,2025-04-08,2025-04-07,168.48,cmp_9001,Google,True,WELCOME10,False
ord_40577,2025-04-08,2025-04-07,38.83,cmp_8823,Meta,True,,False
ord_40578,2025-04-08,2025-04-07,97.12,cmp_7702,Tiktok,True,WELCOME10,False
ord_40579,2025-04-08,2025-04-07,80.43,cmp_9002,Google,True,,False
ord_40580,2025-04-08,2025-04-07,170.57,cmp_9002,Google,False,,False
ord_40581,2025-04-08,2025-04-07,195.99,cmp_8823,Meta,False,SPRING20,False
ord_40582,2025-04-08,2025-04-07,98.73,cmp_8821,Meta,False,,False
ord_40583,2025-04-08,2025-04-07,105.3,cmp_9001,Google,True,,False
ord_40584,2025-04-08,2025-04-07,197.21,,,False,,True
ord_40585,2025-04-08,2025-04-07,36.52,cmp_9001,Google,False,,False
ord_40586,2025-04-09,2025-04-07,80.7,cmp_9003,Google,False,,False
ord_40587,2025-04-09,2025-04-07,40.22,cmp_8822,Meta,False,WELCOME10,False
ord_40588,2025-04-09,2025-04-07,158.25,cmp_9002,Google,True,,False
ord_40589,2025-04-09,2025-04-07,216.0,cmp_9001,Google,True,WELCOME10,False
ord_40590,2025-04-09,2025-04-07,172.39,cmp_7702,Tiktok,False,SPRING20,False
ord_40591,2025-04-09,2025-04-07,156.33,cmp_7701,Tiktok,False,SPRING20,False
ord_40592,2025-04-09,2025-04-07,200.31,cmp_7702,Tiktok,False,WELCOME10,False
ord_40593,2025-04-09,2025-04-07,118.71,cmp_8823,Meta,False,,False
ord_40594,2025-04-09,2025-04-07,41.63,cmp_7702,Tiktok,False,,False
ord_40595,2025-04-09,2025-04-07,158.7,cmp_8821,Meta,False,SPRING20,False
ord_40596,2025-04-09,2025-04-07,212.74,cmp_7701,Tiktok,True,,False
ord_40597,2025-04-09,2025-04-07,191.6,cmp_9003,Google,True,,False
ord_40598,2025-04-09,2025-04-07,147.24,cmp_9003,Google,True,,False
ord_40599,2025-04-09,2025-04-07,80.7,cmp_8821,Meta,True,WELCOME10,False
ord_40600,2025-04-09,2025-04-07,42.7,,,False,,True
ord_40601,2025-04-09,2025-04-07,65.4,cmp_8823,Meta,True,,False
ord_40602,2025-04-09,2025-04-07,37.03,cmp_8821,Meta,True,SPRING20,False
ord_40603,2025-04-09,2025-04-07,145.41,cmp_8822,Meta,True,,False
ord_40604,2025-04-09,2025-04-07,88.77,cmp_8823,Meta,False,,False
ord_40605,2025-04-09,2025-04-07,108.95,cmp_8822,Meta,True,SPRING20,False
ord_40606,2025-04-09,2025-04-07,131.45,cmp_9001,Google,False,,False
ord_40607,2025-04-09,2025-04-07,153.28,cmp_8821,Meta,False,,False
ord_40608,2025-04-09,2025-04-07,100.98,cmp_8822,Meta,True,SPRING20,False
ord_40609,2025-04-09,2025-04-07,170.2,cmp_9002,Google,True,,False
ord_40610,2025-04-09,2025-04-07,168.01,cmp_8822,Meta,False,,False
ord_40611,2025-04-09,2025-04-07,105.58,cmp_9001,Google,True,,False
ord_40612,2025-04-09,2025-04-07,97.81,cmp_7701,Tiktok,False,,False
ord_40613,2025-04-09,2025-04-07,61.23,cmp_8822,Meta,True,,False
ord_40614,2025-04-09,2025-04-07,208.91,cmp_8822,Meta,True,,False
ord_40615,2025-04-09,2025-04-07,175.74,cmp_7701,Tiktok,False,,False
ord_40616,2025-04-09,2025-04-07,89.09,cmp_8822,Meta,True,SPRING20,False
ord_40617,2025-04-09,2025-04-07,194.42,cmp_9002,Google,False,WELCOME10,False
ord_40618,2025-04-09,2025-04-07,218.61,cmp_7701,Tiktok,True,WELCOME10,False
ord_40619,2025-04-09,2025-04-07,138.19,cmp_8822,Meta,False,,False
ord_40620,2025-04-09,2025-04-07,71.52,cmp_7701,Tiktok,False,,False
ord_40621,2025-04-09,2025-04-07,86.35,cmp_8821,Meta,True,,False
ord_40622,2025-04-09,2025-04-07,87.81,cmp_8822,Meta,False,,False
ord_40623,2025-04-09,2025-04-07,52.12,cmp_8823,Meta,True,SPRING20,False
ord_40624,2025-04-09,2025-04-07,181.02,cmp_8822,Meta,False,,False
ord_40625,2025-04-09,2025-04-07,181.0,cmp_9002,Google,False,SPRING20,False
ord_40626,2025-04-09,2025-04-07,71.04,cmp_7701,Tiktok,False,,False
ord_40627,2025-04-09,2025-04-07,129.89,cmp_7701,Tiktok,False,,False
ord_40628,2025-04-09,2025-04-07,70.49,cmp_9003,Google,False,,False
ord_40629,2025-04-09,2025-04-07,51.09,cmp_7701,Tiktok,False,,False
ord_40630,2025-04-09,2025-04-07,92.37,cmp_7701,Tiktok,False,SPRING20,False
ord_40631,2025-04-09,2025-04-07,147.94,cmp_9001,Google,True,,False
ord_40632,2025-04-09,2025-04-07,119.04,cmp_9002,Google,True,,False
ord_40633,2025-04-09,2025-04-07,41.51,cmp_9002,Google,True,WELCOME10,False
ord_40634,2025-04-09,2025-04-07,115.42,cmp_9002,Google,False,,False
ord_40635,2025-04-09,2025-04-07,109.25,cmp_9002,Google,True,,False
ord_40636,2025-04-09,2025-04-07,125.18,cmp_7702,Tiktok,True,,False
ord_40637,2025-04-09,2025-04-07,160.55,cmp_9001,Google,True,,False
ord_40638,2025-04-09,2025-04-07,175.85,cmp_9002,Google,True,WELCOME10,False
ord_40639,2025-04-09,2025-04-07,156.28,cmp_7701,Tiktok,False,,False
ord_40640,2025-04-09,2025-04-07,96.56,cmp_9002,Google,False,,False
ord_40641,2025-04-09,2025-04-07,138.98,cmp_8823,Meta,True,,False
ord_40642,2025-04-09,2025-04-07,77.59,cmp_9002,Google,True,,False
ord_40643,2025-04-09,2025-04-07,118.34,cmp_9002,Google,False,,False
ord_40644,2025-04-09,2025-04-07,218.77,cmp_7701,Tiktok,True,,False
ord_40645,2025-04-09,2025-04-07,179.61,cmp_9002,Google,False,,False
ord_40646,2025-04-09,2025-04-07,155.25,cmp_8822,Meta,True,SPRING20,False
ord_40647,2025-04-09,2025-04-07,57.32,cmp_8823,Meta,False,WELCOME10,False
ord_40648,2025-04-09,2025-04-07,44.46,cmp_7702,Tiktok,False,WELCOME10,False
ord_40649,2025-04-09,2025-04-07,102.48,cmp_9002,Google,False,,False
ord_40650,2025-04-09,2025-04-07,177.07,cmp_7702,Tiktok,False,WELCOME10,False
ord_40651,2025-04-09,2025-04-07,92.85,cmp_9003,Google,True,SPRING20,False
ord_40652,2025-04-09,2025-04-07,111.05,cmp_8822,Meta,True,,False
ord_40653,2025-04-09,2025-04-07,67.94,cmp_9001,Google,False,,False
ord_40654,2025-04-09,2025-04-07,117.7,cmp_7701,Tiktok,False,WELCOME10,False
ord_40655,2025-04-09,2025-04-07,109.45,cmp_7702,Tiktok,True,WELCOME10,False
ord_40656,2025-04-09,2025-04-07,139.77,cmp_7702,Tiktok,False,,False
ord_40657,2025-04-09,2025-04-07,71.88,cmp_7701,Tiktok,False,,False
ord_40658,2025-04-10,2025-04-07,45.89,cmp_8822,Meta,False,,False
ord_40659,2025-04-10,2025-04-07,56.38,cmp_8821,Meta,False,WELCOME10,False
ord_40660,2025-04-10,2025-04-07,50.18,cmp_9003,Google,True,,False
ord_40661,2025-04-10,2025-04-07,157.62,cmp_7702,Tiktok,False,SPRING20,False
ord_40662,2025-04-10,2025-04-07,200.78,cmp_7702,Tiktok,False,,False
ord_40663,2025-04-10,2025-04-07,57.76,cmp_9002,Google,True,,False
ord_40664,2025-04-10,2025-04-07,43.05,cmp_7702,Tiktok,False,WELCOME10,False
ord_40665,2025-04-10,2025-04-07,45.48,cmp_8823,Meta,False,,False
ord_40666,2025-04-10,2025-04-07,195.12,cmp_9001,Google,False,,False
ord_40667,2025-04-10,2025-04-07,207.13,cmp_9002,Google,False,,False
ord_40668,2025-04-10,2025-04-07,171.82,cmp_7702,Tiktok,False,,False
ord_40669,2025-04-10,2025-04-07,112.31,cmp_9002,Google,False,,False
ord_40670,2025-04-10,2025-04-07,128.17,cmp_8823,Meta,False,,False
ord_40671,2025-04-10,2025-04-07,149.57,cmp_7702,Tiktok,False,,False
ord_40672,2025-04-10,2025-04-07,47.96,cmp_8822,Meta,False,WELCOME10,False
ord_40673,2025-04-10,2025-04-07,154.36,cmp_7702,Tiktok,False,,False
ord_40674,2025-04-10,2025-04-07,159.85,cmp_8822,Meta,False,,False
ord_40675,2025-04-10,2025-04-07,68.04,cmp_9001,Google,True,,False
ord_40676,2025-04-10,2025-04-07,83.67,cmp_8821,Meta,True,SPRING20,False
ord_40677,2025-04-10,2025-04-07,138.71,cmp_7701,Tiktok,False,WELCOME10,False
ord_40678,2025-04-10,2025-04-07,150.59,cmp_7701,Tiktok,True,SPRING20,False
ord_40679,2025-04-10,2025-04-07,155.21,cmp_7701,Tiktok,False,,False
ord_40680,2025-04-10,2025-04-07,60.97,cmp_7701,Tiktok,False,,False
ord_40681,2025-04-10,2025-04-07,84.33,cmp_9002,Google,False,,False
ord_40682,2025-04-10,2025-04-07,77.26,cmp_9003,Google,True,,False
ord_40683,2025-04-10,2025-04-07,109.86,cmp_8821,Meta,False,SPRING20,False
ord_40684,2025-04-10,2025-04-07,215.27,cmp_7701,Tiktok,False,,False
ord_40685,2025-04-10,2025-04-07,64.67,cmp_9001,Google,True,,False
ord_40686,2025-04-10,2025-04-07,87.72,cmp_9001,Google,False,,False
ord_40687,2025-04-10,2025-04-07,123.32,cmp_9001,Google,False,,False
ord_40688,2025-04-10,2025-04-07,38.41,cmp_7702,Tiktok,False,,False
ord_40689,2025-04-10,2025-04-07,82.9,cmp_8823,Meta,False,,False
ord_40690,2025-04-10,2025-04-07,219.87,cmp_8823,Meta,False,,False
ord_40691,2025-04-10,2025-04-07,156.86,cmp_8821,Meta,False,WELCOME10,False
ord_40692,2025-04-10,2025-04-07,152.9,cmp_8821,Meta,True,,False
ord_40693,2025-04-10,2025-04-07,140.28,cmp_7702,Tiktok,True,SPRING20,False
ord_40694,2025-04-10,2025-04-07,147.72,cmp_9001,Google,True,,False
ord_40695,2025-04-10,2025-04-07,124.93,cmp_8821,Meta,True,,False
ord_40696,2025-04-10,2025-04-07,198.32,cmp_8823,Meta,False,,False
ord_40697,2025-04-10,2025-04-07,187.17,cmp_9001,Google,False,,False
ord_40698,2025-04-10,2025-04-07,139.59,cmp_9002,Google,False,WELCOME10,False
ord_40699,2025-04-10,2025-04-07,133.7,,,False,,True
ord_40700,2025-04-10,2025-04-07,116.03,cmp_7702,Tiktok,True,,False
ord_40701,2025-04-10,2025-04-07,161.9,cmp_7701,Tiktok,False,WELCOME10,False
ord_40702,2025-04-10,2025-04-07,68.61,cmp_8821,Meta,False,SPRING20,False
ord_40703,2025-04-10,2025-04-07,211.2,cmp_8822,Meta,True,,False
ord_40704,2025-04-10,2025-04-07,93.38,cmp_9001,Google,False,SPRING20,False
ord_40705,2025-04-10,2025-04-07,79.05,cmp_8821,Meta,False,,False
ord_40706,2025-04-10,2025-04-07,158.57,cmp_7701,Tiktok,False,WELCOME10,False
ord_40707,2025-04-10,2025-04-07,123.73,cmp_7701,Tiktok,False,WELCOME10,False
ord_40708,2025-04-10,2025-04-07,69.36,cmp_9003,Google,True,WELCOME10,False
ord_40709,2025-04-10,2025-04-07,173.95,cmp_9002,Google,False,,False
ord_40710,2025-04-10,2025-04-07,110.54,cmp_8821,Meta,True,,False
ord_40711,2025-04-10,2025-04-07,63.32,cmp_7701,Tiktok,False,SPRING20,False
ord_40712,2025-04-10,2025-04-07,47.69,cmp_8822,Meta,False,WELCOME10,False
ord_40713,2025-04-10,2025-04-07,210.57,cmp_9002,Google,False,SPRING20,False
ord_40714,2025-04-10,2025-04-07,115.17,cmp_8823,Meta,False,,False
ord_40715,2025-04-10,2025-04-07,198.48,cmp_8821,Meta,False,,False
ord_40716,2025-04-10,2025-04-07,123.18,cmp_7701,Tiktok,False,,False
ord_40717,2025-04-10,2025-04-07,87.48,cmp_7701,Tiktok,True,,False
ord_40718,2025-04-10,2025-04-07,169.41,cmp_7702,Tiktok,False,,False
ord_40719,2025-04-10,2025-04-07,173.19,cmp_8823,Meta,True,WELCOME10,False
ord_40720,2025-04-10,2025-04-07,203.64,cmp_8823,Meta,True,WELCOME10,False
ord_40721,2025-04-10,2025-04-07,184.33,cmp_9002,Google,False,SPRING20,False
ord_40722,2025-04-11,2025-04-07,122.35,cmp_9001,Google,False,,False
ord_40723,2025-04-11,2025-04-07,39.02,cmp_7701,Tiktok,False,,False
ord_40724,2025-04-11,2025-04-07,91.88,cmp_9003,Google,False,,False
ord_40725,2025-04-11,2025-04-07,171.54,cmp_8823,Meta,True,WELCOME10,False
ord_40726,2025-04-11,2025-04-07,86.5,cmp_7701,Tiktok,True,,False
ord_40727,2025-04-11,2025-04-07,192.9,cmp_8823,Meta,False,,False
ord_40728,2025-04-11,2025-04-07,213.48,cmp_8821,Meta,False,,False
ord_40729,2025-04-11,2025-04-07,127.41,cmp_9002,Google,True,,False
ord_40730,2025-04-11,2025-04-07,172.0,cmp_7701,Tiktok,False,,False
ord_40731,2025-04-11,2025-04-07,50.35,cmp_7701,Tiktok,True,SPRING20,False
ord_40732,2025-04-11,2025-04-07,191.44,cmp_8823,Meta,False,,False
ord_40733,2025-04-11,2025-04-07,48.23,cmp_7701,Tiktok,True,,False
ord_40734,2025-04-11,2025-04-07,82.32,cmp_8822,Meta,True,,False
ord_40735,2025-04-11,2025-04-07,81.32,cmp_8823,Meta,True,,False
ord_40736,2025-04-11,2025-04-07,142.04,cmp_8823,Meta,False,,False
ord_40737,2025-04-11,2025-04-07,182.4,cmp_8822,Meta,True,SPRING20,False
ord_40738,2025-04-11,2025-04-07,158.26,cmp_8822,Meta,False,,False
ord_40739,2025-04-11,2025-04-07,52.24,cmp_8823,Meta,False,,False
ord_40740,2025-04-11,2025-04-07,183.63,cmp_7701,Tiktok,True,SPRING20,False
ord_40741,2025-04-11,2025-04-07,109.19,cmp_8821,Meta,True,WELCOME10,False
ord_40742,2025-04-11,2025-04-07,159.82,cmp_7702,Tiktok,False,SPRING20,False
ord_40743,2025-04-11,2025-04-07,52.88,cmp_7702,Tiktok,False,,False
ord_40744,2025-04-11,2025-04-07,172.13,cmp_8821,Meta,True,WELCOME10,False
ord_40745,2025-04-11,2025-04-07,159.56,cmp_8821,Meta,True,,False
ord_40746,2025-04-11,2025-04-07,70.39,cmp_8821,Meta,False,,False
ord_40747,2025-04-11,2025-04-07,45.97,cmp_8822,Meta,False,,False
ord_40748,2025-04-11,2025-04-07,208.91,cmp_8821,Meta,False,,False
ord_40749,2025-04-11,2025-04-07,66.4,cmp_7701,Tiktok,False,,False
ord_40750,2025-04-11,2025-04-07,95.61,cmp_7702,Tiktok,False,WELCOME10,False
ord_40751,2025-04-11,2025-04-07,112.38,cmp_7702,Tiktok,False,,False
ord_40752,2025-04-11,2025-04-07,218.53,cmp_7701,Tiktok,True,,False
ord_40753,2025-04-11,2025-04-07,126.92,cmp_9003,Google,False,,False
ord_40754,2025-04-11,2025-04-07,136.22,cmp_9002,Google,True,WELCOME10,False
ord_40755,2025-04-11,2025-04-07,199.91,cmp_9002,Google,False,WELCOME10,False
ord_40756,2025-04-11,2025-04-07,47.82,cmp_9003,Google,False,,False
ord_40757,2025-04-11,2025-04-07,182.69,cmp_8821,Meta,False,,False
ord_40758,2025-04-11,2025-04-07,65.36,cmp_9003,Google,False,SPRING20,False
ord_40759,2025-04-11,2025-04-07,120.72,cmp_8822,Meta,True,,False
ord_40760,2025-04-11,2025-04-07,41.22,cmp_8822,Meta,True,,False
ord_40761,2025-04-11,2025-04-07,151.33,cmp_7702,Tiktok,True,,False
ord_40762,2025-04-11,2025-04-07,49.99,cmp_7701,Tiktok,False,,False
ord_40763,2025-04-11,2025-04-07,91.45,cmp_8823,Meta,True,,False
ord_40764,2025-04-11,2025-04-07,108.8,cmp_8823,Meta,False,WELCOME10,False
ord_40765,2025-04-11,2025-04-07,145.89,cmp_9003,Google,True,,False
ord_40766,2025-04-11,2025-04-07,167.92,cmp_9002,Google,False,SPRING20,False
ord_40767,2025-04-11,2025-04-07,96.73,cmp_9003,Google,True,SPRING20,False
ord_40768,2025-04-11,2025-04-07,178.2,cmp_8822,Meta,False,,False
ord_40769,2025-04-11,2025-04-07,62.39,cmp_9001,Google,False,SPRING20,False
ord_40770,2025-04-11,2025-04-07,128.12,cmp_7701,Tiktok,True,SPRING20,False
ord_40771,2025-04-11,2025-04-07,43.51,cmp_9002,Google,False,,False
ord_40772,2025-04-11,2025-04-07,170.19,cmp_9002,Google,False,,False
ord_40773,2025-04-11,2025-04-07,112.56,cmp_7701,Tiktok,False,,False
ord_40774,2025-04-11,2025-04-07,48.99,cmp_7702,Tiktok,False,,False
ord_40775,2025-04-11,2025-04-07,196.73,cmp_7702,Tiktok,False,,False
ord_40776,2025-04-11,2025-04-07,132.12,cmp_9002,Google,False,SPRING20,False
ord_40777,2025-04-11,2025-04-07,77.07,cmp_7701,Tiktok,True,WELCOME10,False
ord_40778,2025-04-11,2025-04-07,129.7,cmp_7701,Tiktok,True,,False
ord_40779,2025-04-11,2025-04-07,100.4,cmp_8822,Meta,False,,False
ord_40780,2025-04-11,2025-04-07,161.82,cmp_9001,Google,False,,False
ord_40781,2025-04-11,2025-04-07,140.92,cmp_8823,Meta,True,WELCOME10,False
ord_40782,2025-04-11,2025-04-07,66.21,cmp_7702,Tiktok,False,,False
ord_40783,2025-04-11,2025-04-07,184.43,cmp_8821,Meta,False,,False
ord_40784,2025-04-11,2025-04-07,47.0,cmp_9003,Google,False,,False
ord_40785,2025-04-11,2025-04-07,56.01,cmp_7702,Tiktok,False,,False
ord_40786,2025-04-11,2025-04-07,205.7,cmp_9003,Google,True,,False
ord_40787,2025-04-11,2025-04-07,157.8,cmp_7702,Tiktok,True,SPRING20,False
ord_40788,2025-04-11,2025-04-07,100.93,cmp_9002,Google,True,,False
ord_40789,2025-04-11,2025-04-07,49.13,cmp_7701,Tiktok,False,,False
ord_40790,2025-04-11,2025-04-07,174.27,cmp_7702,Tiktok,False,,False
ord_40791,2025-04-11,2025-04-07,116.71,cmp_9003,Google,False,WELCOME10,False
ord_40792,2025-04-11,2025-04-07,84.21,cmp_9001,Google,True,WELCOME10,False
ord_40793,2025-04-11,2025-04-07,147.88,cmp_8821,Meta,False,SPRING20,False
ord_40794,2025-04-11,2025-04-07,182.08,cmp_7701,Tiktok,True,,False
ord_40795,2025-04-11,2025-04-07,142.88,cmp_9003,Google,True,,False
ord_40796,2025-04-11,2025-04-07,197.05,cmp_9003,Google,False,,False
ord_40797,2025-04-11,2025-04-07,167.21,cmp_7701,Tiktok,False,,False
ord_40798,2025-04-11,2025-04-07,213.51,cmp_8821,Meta,False,,False
ord_40799,2025-04-11,2025-04-07,173.74,cmp_7702,Tiktok,True,,False
ord_40800,2025-04-11,2025-04-07,38.91,cmp_8821,Meta,True,WELCOME10,False
ord_40801,2025-04-11,2025-04-07,95.69,cmp_7701,Tiktok,True,,False
ord_40802,2025-04-11,2025-04-07,188.03,cmp_7701,Tiktok,False,,False
ord_40803,2025-04-11,2025-04-07,126.0,cmp_9003,Google,True,WELCOME10,False
ord_40804,2025-04-11,2025-04-07,110.7,cmp_9001,Google,False,,False
ord_40805,2025-04-12,2025-04-07,48.18,cmp_8823,Meta,True,WELCOME10,False
ord_40806,2025-04-12,2025-04-07,86.25,cmp_8823,Meta,False,SPRING20,False
ord_40807,2025-04-12,2025-04-07,191.31,cmp_8822,Meta,False,WELCOME10,False
ord_40808,2025-04-12,2025-04-07,123.47,cmp_8821,Meta,True,SPRING20,False
ord_40809,2025-04-12,2025-04-07,122.34,cmp_8823,Meta,False,,False
ord_40810,2025-04-12,2025-04-07,199.05,cmp_7701,Tiktok,True,,False
ord_40811,2025-04-12,2025-04-07,135.58,cmp_7702,Tiktok,False,,False
ord_40812,2025-04-12,2025-04-07,187.5,cmp_8823,Meta,False,,False
ord_40813,2025-04-12,2025-04-07,73.12,cmp_7702,Tiktok,False,,False
ord_40814,2025-04-12,2025-04-07,113.31,cmp_8822,Meta,True,SPRING20,False
ord_40815,2025-04-12,2025-04-07,75.65,cmp_7702,Tiktok,False,,False
ord_40816,2025-04-12,2025-04-07,159.44,cmp_8822,Meta,False,SPRING20,False
ord_40817,2025-04-12,2025-04-07,81.55,cmp_7702,Tiktok,True,,False
ord_40818,2025-04-12,2025-04-07,86.72,cmp_8822,Meta,False,SPRING20,False
ord_40819,2025-04-12,2025-04-07,165.17,cmp_8822,Meta,False,SPRING20,False
ord_40820,2025-04-12,2025-04-07,67.46,,,False,SPRING20,True
ord_40821,2025-04-12,2025-04-07,144.12,cmp_7701,Tiktok,False,SPRING20,False
ord_40822,2025-04-12,2025-04-07,130.74,cmp_9002,Google,False,,False
ord_40823,2025-04-12,2025-04-07,59.45,cmp_8823,Meta,False,,False
ord_40824,2025-04-12,2025-04-07,136.53,cmp_9001,Google,False,SPRING20,False
ord_40825,2025-04-12,2025-04-07,130.15,cmp_7701,Tiktok,True,,False
ord_40826,2025-04-12,2025-04-07,183.47,cmp_8823,Meta,True,,False
ord_40827,2025-04-12,2025-04-07,129.79,cmp_8821,Meta,True,WELCOME10,False
ord_40828,2025-04-12,2025-04-07,71.99,cmp_8821,Meta,True,WELCOME10,False
ord_40829,2025-04-12,2025-04-07,202.22,cmp_7702,Tiktok,True,WELCOME10,False
ord_40830,2025-04-12,2025-04-07,99.55,cmp_9002,Google,True,,False
ord_40831,2025-04-12,2025-04-07,165.75,cmp_9003,Google,False,,False
ord_40832,2025-04-12,2025-04-07,43.12,cmp_9003,Google,True,SPRING20,False
ord_40833,2025-04-12,2025-04-07,105.5,cmp_7702,Tiktok,True,,False
ord_40834,2025-04-12,2025-04-07,40.15,cmp_9001,Google,False,,False
ord_40835,2025-04-12,2025-04-07,153.66,cmp_7701,Tiktok,True,,False
ord_40836,2025-04-12,2025-04-07,45.24,cmp_9002,Google,False,,False
ord_40837,2025-04-12,2025-04-07,157.35,cmp_7702,Tiktok,False,,False
ord_40838,2025-04-12,2025-04-07,51.11,cmp_9003,Google,False,,False
ord_40839,2025-04-12,2025-04-07,134.5,cmp_9003,Google,False,SPRING20,False
ord_40840,2025-04-12,2025-04-07,106.85,cmp_8822,Meta,False,SPRING20,False
ord_40841,2025-04-12,2025-04-07,101.0,cmp_8821,Meta,True,SPRING20,False
ord_40842,2025-04-12,2025-04-07,43.43,cmp_7702,Tiktok,False,WELCOME10,False
ord_40843,2025-04-12,2025-04-07,50.74,cmp_7701,Tiktok,True,,False
ord_40844,2025-04-12,2025-04-07,115.78,cmp_7701,Tiktok,True,,False
ord_40845,2025-04-12,2025-04-07,114.73,cmp_7702,Tiktok,True,,False
ord_40846,2025-04-12,2025-04-07,206.8,,,True,SPRING20,True
ord_40847,2025-04-12,2025-04-07,173.49,cmp_8822,Meta,False,WELCOME10,False
ord_40848,2025-04-12,2025-04-07,90.36,cmp_9001,Google,False,,False
ord_40849,2025-04-12,2025-04-07,101.0,cmp_9001,Google,True,,False
ord_40850,2025-04-12,2025-04-07,188.04,cmp_8822,Meta,False,,False
ord_40851,2025-04-12,2025-04-07,100.33,cmp_9002,Google,False,WELCOME10,False
ord_40852,2025-04-12,2025-04-07,210.55,cmp_8823,Meta,False,,False
ord_40853,2025-04-12,2025-04-07,135.59,cmp_9002,Google,True,,False
ord_40854,2025-04-12,2025-04-07,137.39,cmp_7702,Tiktok,False,,False
ord_40855,2025-04-12,2025-04-07,123.27,cmp_9003,Google,True,SPRING20,False
ord_40856,2025-04-12,2025-04-07,71.17,cmp_8821,Meta,False,,False
ord_40857,2025-04-12,2025-04-07,205.43,cmp_7702,Tiktok,False,,False
ord_40858,2025-04-12,2025-04-07,124.92,cmp_8823,Meta,True,,False
ord_40859,2025-04-12,2025-04-07,193.68,cmp_7701,Tiktok,False,,False
ord_40860,2025-04-12,2025-04-07,77.1,cmp_9001,Google,True,WELCOME10,False
ord_40861,2025-04-12,2025-04-07,193.91,cmp_8823,Meta,False,,False
ord_40862,2025-04-12,2025-04-07,100.83,cmp_9002,Google,False,SPRING20,False
ord_40863,2025-04-12,2025-04-07,51.42,cmp_8821,Meta,True,,False
ord_40864,2025-04-12,2025-04-07,49.71,cmp_7702,Tiktok,True,SPRING20,False
ord_40865,2025-04-12,2025-04-07,168.92,cmp_8823,Meta,True,,False
ord_40866,2025-04-12,2025-04-07,92.97,cmp_7702,Tiktok,False,,False
ord_40867,2025-04-12,2025-04-07,205.54,cmp_7702,Tiktok,True,WELCOME10,False
ord_40868,2025-04-12,2025-04-07,194.04,cmp_9003,Google,True,WELCOME10,False
ord_40869,2025-04-12,2025-04-07,185.25,cmp_8821,Meta,False,,False
ord_40870,2025-04-12,2025-04-07,141.28,cmp_9001,Google,False,,False
ord_40871,2025-04-12,2025-04-07,60.09,cmp_8822,Meta,True,SPRING20,False
ord_40872,2025-04-13,2025-04-07,128.67,cmp_8823,Meta,False,SPRING20,False
ord_40873,2025-04-13,2025-04-07,214.69,cmp_8822,Meta,True,,False
ord_40874,2025-04-13,2025-04-07,80.13,cmp_9001,Google,False,,False
ord_40875,2025-04-13,2025-04-07,196.62,cmp_9001,Google,False,WELCOME10,False
ord_40876,2025-04-13,2025-04-07,196.99,cmp_9002,Google,False,,False
ord_40877,2025-04-13,2025-04-07,109.8,cmp_7701,Tiktok,True,WELCOME10,False
ord_40878,2025-04-13,2025-04-07,159.36,cmp_7701,Tiktok,True,,False
ord_40879,2025-04-13,2025-04-07,120.63,cmp_7701,Tiktok,False,,False
ord_40880,2025-04-13,2025-04-07,137.88,cmp_7701,Tiktok,False,SPRING20,False
ord_40881,2025-04-13,2025-04-07,133.98,cmp_9001,Google,True,,False
ord_40882,2025-04-13,2025-04-07,179.89,cmp_8821,Meta,True,,False
ord_40883,2025-04-13,2025-04-07,118.28,,,True,WELCOME10,True
ord_40884,2025-04-13,2025-04-07,66.43,cmp_8823,Meta,True,WELCOME10,False
ord_40885,2025-04-13,2025-04-07,115.71,cmp_8823,Meta,True,,False
ord_40886,2025-04-13,2025-04-07,138.69,cmp_8821,Meta,True,WELCOME10,False
ord_40887,2025-04-13,2025-04-07,66.73,cmp_7701,Tiktok,True,,False
ord_40888,2025-04-13,2025-04-07,109.3,cmp_8823,Meta,False,,False
ord_40889,2025-04-13,2025-04-07,156.1,cmp_7702,Tiktok,False,,False
ord_40890,2025-04-13,2025-04-07,159.33,cmp_7702,Tiktok,False,,False
ord_40891,2025-04-13,2025-04-07,148.66,cmp_9001,Google,False,,False
ord_40892,2025-04-13,2025-04-07,196.42,cmp_9002,Google,False,,False
ord_40893,2025-04-13,2025-04-07,143.89,cmp_7701,Tiktok,False,,False
ord_40894,2025-04-13,2025-04-07,119.14,cmp_9002,Google,True,WELCOME10,False
ord_40895,2025-04-13,2025-04-07,179.8,cmp_9002,Google,True,,False
ord_40896,2025-04-13,2025-04-07,57.22,cmp_7701,Tiktok,False,WELCOME10,False
ord_40897,2025-04-13,2025-04-07,180.44,cmp_8822,Meta,False,,False
ord_40898,2025-04-13,2025-04-07,133.6,cmp_8822,Meta,False,,False
ord_40899,2025-04-13,2025-04-07,137.32,cmp_9002,Google,False,,False
ord_40900,2025-04-13,2025-04-07,198.82,cmp_8821,Meta,False,,False
ord_40901,2025-04-13,2025-04-07,80.8,cmp_7702,Tiktok,False,,False
ord_40902,2025-04-13,2025-04-07,53.39,cmp_7702,Tiktok,False,WELCOME10,False
ord_40903,2025-04-13,2025-04-07,80.17,cmp_9002,Google,False,,False
ord_40904,2025-04-13,2025-04-07,203.03,cmp_8823,Meta,False,,False
ord_40905,2025-04-13,2025-04-07,184.92,cmp_7702,Tiktok,False,SPRING20,False
ord_40906,2025-04-13,2025-04-07,161.42,cmp_8822,Meta,True,,False
ord_40907,2025-04-13,2025-04-07,179.8,cmp_8822,Meta,False,,False
ord_40908,2025-04-13,2025-04-07,185.14,cmp_8822,Meta,True,,False
ord_40909,2025-04-13,2025-04-07,76.77,cmp_7701,Tiktok,True,,False
ord_40910,2025-04-13,2025-04-07,92.33,cmp_8823,Meta,True,,False
ord_40911,2025-04-13,2025-04-07,161.85,cmp_9003,Google,True,,False
ord_40912,2025-04-13,2025-04-07,143.49,cmp_7702,Tiktok,False,,False
ord_40913,2025-04-13,2025-04-07,54.29,cmp_9002,Google,False,WELCOME10,False
ord_40914,2025-04-13,2025-04-07,136.25,cmp_9003,Google,False,SPRING20,False
ord_40915,2025-04-13,2025-04-07,82.62,cmp_7701,Tiktok,False,SPRING20,False
ord_40916,2025-04-13,2025-04-07,171.97,cmp_8822,Meta,False,,False
ord_40917,2025-04-13,2025-04-07,95.93,cmp_8822,Meta,True,WELCOME10,False
ord_40918,2025-04-13,2025-04-07,76.98,cmp_8823,Meta,True,WELCOME10,False
ord_40919,2025-04-13,2025-04-07,106.02,cmp_8823,Meta,False,SPRING20,False
ord_40920,2025-04-13,2025-04-07,212.75,cmp_8821,Meta,True,WELCOME10,False
ord_40921,2025-04-13,2025-04-07,69.87,cmp_7702,Tiktok,False,,False
ord_40922,2025-04-13,2025-04-07,151.12,cmp_7702,Tiktok,True,SPRING20,False
ord_40923,2025-04-13,2025-04-07,47.4,cmp_7702,Tiktok,False,,False
ord_40924,2025-04-13,2025-04-07,91.71,cmp_7701,Tiktok,True,,False
ord_40925,2025-04-13,2025-04-07,197.29,cmp_7702,Tiktok,True,SPRING20,False
ord_40926,2025-04-13,2025-04-07,178.81,cmp_7701,Tiktok,False,,False
ord_40927,2025-04-13,2025-04-07,118.93,cmp_8821,Meta,True,,False
ord_40928,2025-04-13,2025-04-07,157.51,cmp_8822,Meta,True,,False
ord_40929,2025-04-13,2025-04-07,69.89,cmp_8822,Meta,True,,False
ord_40930,2025-04-13,2025-04-07,106.19,cmp_8823,Meta,True,,False
ord_40931,2025-04-13,2025-04-07,199.86,cmp_9001,Google,False,,False
ord_40932,2025-04-13,2025-04-07,64.15,cmp_8823,Meta,False,,False
ord_40933,2025-04-13,2025-04-07,41.84,cmp_8822,Meta,True,SPRING20,False
ord_40934,2025-04-13,2025-04-07,69.49,cmp_7702,Tiktok,True,,False
ord_40935,2025-04-13,2025-04-07,83.35,cmp_7701,Tiktok,False,,False
ord_40936,2025-04-13,2025-04-07,86.25,cmp_9003,Google,False,SPRING20,False
ord_40937,2025-04-13,2025-04-07,167.35,cmp_9002,Google,True,SPRING20,False
ord_40938,2025-04-13,2025-04-07,131.65,cmp_7702,Tiktok,True,SPRING20,False
ord_40939,2025-04-13,2025-04-07,107.66,cmp_7702,Tiktok,True,,False
ord_40940,2025-04-13,2025-04-07,99.65,cmp_9001,Google,False,,False
ord_40941,2025-04-13,2025-04-07,181.18,cmp_9003,Google,False,,False
ord_40942,2025-04-13,2025-04-07,131.51,cmp_8821,Meta,True,,False
ord_40943,2025-04-13,2025-04-07,212.33,cmp_8823,Meta,True,WELCOME10,False
ord_40944,2025-04-13,2025-04-07,177.78,cmp_7702,Tiktok,False,WELCOME10,False
ord_40945,2025-04-13,2025-04-07,206.07,cmp_9003,Google,False,,False
ord_40946,2025-04-13,2025-04-07,127.81,cmp_8821,Meta,False,,False
ord_40947,2025-04-13,2025-04-07,170.54,cmp_8822,Meta,False,,False
ord_40948,2025-04-13,2025-04-07,105.54,cmp_8822,Meta,False,WELCOME10,False
ord_40949,2025-04-14,2025-04-14,66.25,cmp_9002,Google,True,,False
ord_40950,2025-04-14,2025-04-14,138.68,cmp_8822,Meta,True,,False
ord_40951,2025-04-14,2025-04-14,209.74,cmp_8822,Meta,False,,False
ord_40952,2025-04-14,2025-04-14,114.28,cmp_9002,Google,True,,False
ord_40953,2025-04-14,2025-04-14,81.44,cmp_9003,Google,False,SPRING20,False
ord_40954,2025-04-14,2025-04-14,94.21,cmp_9001,Google,True,,False
ord_40955,2025-04-14,2025-04-14,105.48,cmp_8823,Meta,False,,False
ord_40956,2025-04-14,2025-04-14,59.77,cmp_7701,Tiktok,True,SPRING20,False
ord_40957,2025-04-14,2025-04-14,203.4,cmp_7701,Tiktok,True,,False
ord_40958,2025-04-14,2025-04-14,77.33,cmp_7701,Tiktok,False,SPRING20,False
ord_40959,2025-04-14,2025-04-14,68.63,,,False,,True
ord_40960,2025-04-14,2025-04-14,112.68,cmp_7702,Tiktok,True,WELCOME10,False
ord_40961,2025-04-14,2025-04-14,200.33,cmp_8823,Meta,False,WELCOME10,False
ord_40962,2025-04-14,2025-04-14,42.61,cmp_9001,Google,False,,False
ord_40963,2025-04-14,2025-04-14,195.59,cmp_9001,Google,True,,False
ord_40964,2025-04-14,2025-04-14,205.16,cmp_7701,Tiktok,True,,False
ord_40965,2025-04-14,2025-04-14,53.89,cmp_9003,Google,False,SPRING20,False
ord_40966,2025-04-14,2025-04-14,50.06,cmp_7701,Tiktok,True,WELCOME10,False
ord_40967,2025-04-14,2025-04-14,179.33,cmp_8822,Meta,True,,False
ord_40968,2025-04-14,2025-04-14,73.95,cmp_8823,Meta,True,SPRING20,False
ord_40969,2025-04-14,2025-04-14,137.21,cmp_7702,Tiktok,True,,False
ord_40970,2025-04-14,2025-04-14,86.67,cmp_9002,Google,False,,False
ord_40971,2025-04-14,2025-04-14,102.88,cmp_9002,Google,True,,False
ord_40972,2025-04-14,2025-04-14,200.41,cmp_8822,Meta,False,WELCOME10,False
ord_40973,2025-04-14,2025-04-14,83.67,cmp_9003,Google,True,,False
ord_40974,2025-04-14,2025-04-14,201.95,cmp_9003,Google,False,,False
ord_40975,2025-04-14,2025-04-14,191.47,cmp_9002,Google,False,SPRING20,False
ord_40976,2025-04-14,2025-04-14,131.39,cmp_8823,Meta,True,WELCOME10,False
ord_40977,2025-04-14,2025-04-14,77.65,cmp_8822,Meta,False,WELCOME10,False
ord_40978,2025-04-14,2025-04-14,80.52,cmp_9002,Google,True,,False
ord_40979,2025-04-14,2025-04-14,182.1,cmp_8822,Meta,False,SPRING20,False
ord_40980,2025-04-14,2025-04-14,85.28,cmp_9001,Google,True,SPRING20,False
ord_40981,2025-04-14,2025-04-14,119.45,cmp_9001,Google,False,,False
ord_40982,2025-04-14,2025-04-14,217.12,cmp_9001,Google,False,,False
ord_40983,2025-04-14,2025-04-14,209.41,cmp_7702,Tiktok,True,SPRING20,False
ord_40984,2025-04-14,2025-04-14,152.77,cmp_9003,Google,False,,False
ord_40985,2025-04-14,2025-04-14,66.23,cmp_8822,Meta,False,SPRING20,False
ord_40986,2025-04-14,2025-04-14,198.06,cmp_9001,Google,True,,False
ord_40987,2025-04-14,2025-04-14,36.18,cmp_8821,Meta,False,,False
ord_40988,2025-04-14,2025-04-14,157.65,cmp_8823,Meta,False,,False
ord_40989,2025-04-14,2025-04-14,55.47,cmp_7701,Tiktok,True,WELCOME10,False
ord_40990,2025-04-14,2025-04-14,174.84,cmp_7701,Tiktok,True,,False
ord_40991,2025-04-14,2025-04-14,132.68,cmp_7701,Tiktok,True,,False
ord_40992,2025-04-14,2025-04-14,49.19,cmp_9002,Google,False,SPRING20,False
ord_40993,2025-04-14,2025-04-14,114.85,cmp_9001,Google,False,,False
ord_40994,2025-04-14,2025-04-14,46.09,cmp_9003,Google,False,WELCOME10,False
ord_40995,2025-04-14,2025-04-14,96.41,cmp_7702,Tiktok,False,,False
ord_40996,2025-04-14,2025-04-14,89.17,cmp_8821,Meta,True,SPRING20,False
ord_40997,2025-04-14,2025-04-14,99.61,cmp_7701,Tiktok,False,,False
ord_40998,2025-04-14,2025-04-14,86.41,cmp_8821,Meta,False,,False
ord_40999,2025-04-14,2025-04-14,122.22,cmp_7702,Tiktok,True,,False
ord_41000,2025-04-14,2025-04-14,179.65,cmp_7701,Tiktok,False,WELCOME10,False
ord_41001,2025-04-14,2025-04-14,107.29,cmp_9001,Google,False,,False
ord_41002,2025-04-14,2025-04-14,119.42,cmp_8821,Meta,False,WELCOME10,False
ord_41003,2025-04-14,2025-04-14,161.96,cmp_7701,Tiktok,False,,False
ord_41004,2025-04-14,2025-04-14,96.39,cmp_9001,Google,True,WELCOME10,False
ord_41005,2025-04-14,2025-04-14,47.86,cmp_8821,Meta,False,SPRING20,False
ord_41006,2025-04-14,2025-04-14,50.43,cmp_9002,Google,False,,False
ord_41007,2025-04-14,2025-04-14,201.91,cmp_7701,Tiktok,False,,False
ord_41008,2025-04-14,2025-04-14,186.81,cmp_9001,Google,True,,False
ord_41009,2025-04-14,2025-04-14,170.47,cmp_8822,Meta,True,,False
ord_41010,2025-04-14,2025-04-14,81.73,cmp_7701,Tiktok,True,,False
ord_41011,2025-04-14,2025-04-14,50.17,cmp_8823,Meta,True,WELCOME10,False
ord_41012,2025-04-14,2025-04-14,60.85,cmp_7701,Tiktok,True,SPRING20,False
ord_41013,2025-04-14,2025-04-14,119.92,cmp_8823,Meta,False,SPRING20,False
ord_41014,2025-04-14,2025-04-14,219.11,cmp_7701,Tiktok,True,WELCOME10,False
ord_41015,2025-04-14,2025-04-14,208.93,cmp_7701,Tiktok,False,,False
ord_41016,2025-04-14,2025-04-14,119.18,cmp_7702,Tiktok,False,WELCOME10,False
ord_41017,2025-04-14,2025-04-14,63.37,cmp_8822,Meta,False,,False
ord_41018,2025-04-14,2025-04-14,104.52,cmp_8822,Meta,False,WELCOME10,False
ord_41019,2025-04-14,2025-04-14,125.04,cmp_7701,Tiktok,True,WELCOME10,False
ord_41020,2025-04-14,2025-04-14,179.52,cmp_8822,Meta,False,,False
ord_41021,2025-04-14,2025-04-14,134.47,cmp_9002,Google,False,,False
ord_41022,2025-04-14,2025-04-14,78.72,cmp_7702,Tiktok,False,,False
ord_41023,2025-04-14,2025-04-14,191.05,cmp_9003,Google,False,WELCOME10,False
ord_41024,2025-04-14,2025-04-14,63.12,cmp_7701,Tiktok,False,,False
ord_41025,2025-04-14,2025-04-14,142.05,cmp_9002,Google,True,,False
ord_41026,2025-04-14,2025-04-14,111.95,cmp_7701,Tiktok,True,,False
ord_41027,2025-04-14,2025-04-14,100.48,cmp_9002,Google,True,WELCOME10,False
ord_41028,2025-04-14,2025-04-14,147.25,cmp_8823,Meta,True,SPRING20,False
ord_41029,2025-04-15,2025-04-14,127.16,cmp_9003,Google,True,WELCOME10,False
ord_41030,2025-04-15,2025-04-14,76.05,cmp_9003,Google,False,SPRING20,False
ord_41031,2025-04-15,2025-04-14,195.15,cmp_8822,Meta,False,,False
ord_41032,2025-04-15,2025-04-14,187.3,cmp_9002,Google,True,,False
ord_41033,2025-04-15,2025-04-14,88.27,cmp_8823,Meta,False,,False
ord_41034,2025-04-15,2025-04-14,53.11,cmp_7701,Tiktok,False,WELCOME10,False
ord_41035,2025-04-15,2025-04-14,74.25,cmp_9003,Google,False,SPRING20,False
ord_41036,2025-04-15,2025-04-14,201.61,cmp_8822,Meta,True,,False
ord_41037,2025-04-15,2025-04-14,108.59,cmp_7702,Tiktok,False,SPRING20,False
ord_41038,2025-04-15,2025-04-14,91.53,cmp_8823,Meta,True,,False
ord_41039,2025-04-15,2025-04-14,127.66,cmp_9002,Google,True,,False
ord_41040,2025-04-15,2025-04-14,158.71,cmp_8823,Meta,True,,False
ord_41041,2025-04-15,2025-04-14,181.8,cmp_7702,Tiktok,True,,False
ord_41042,2025-04-15,2025-04-14,78.39,cmp_8821,Meta,True,,False
ord_41043,2025-04-15,2025-04-14,181.92,cmp_8823,Meta,True,,False
ord_41044,2025-04-15,2025-04-14,204.32,,,False,SPRING20,True
ord_41045,2025-04-15,2025-04-14,143.32,cmp_8823,Meta,False,,False
ord_41046,2025-04-15,2025-04-14,189.0,cmp_7701,Tiktok,False,,False
ord_41047,2025-04-15,2025-04-14,35.29,cmp_8823,Meta,True,,False
ord_41048,2025-04-15,2025-04-14,38.63,cmp_9003,Google,False,WELCOME10,False
ord_41049,2025-04-15,2025-04-14,134.97,cmp_7701,Tiktok,False,SPRING20,False
ord_41050,2025-04-15,2025-04-14,112.5,cmp_8822,Meta,False,,False
ord_41051,2025-04-15,2025-04-14,155.98,cmp_7702,Tiktok,True,SPRING20,False
ord_41052,2025-04-15,2025-04-14,44.01,cmp_9002,Google,False,,False
ord_41053,2025-04-15,2025-04-14,107.81,cmp_8823,Meta,True,,False
ord_41054,2025-04-15,2025-04-14,73.13,cmp_7701,Tiktok,False,,False
ord_41055,2025-04-15,2025-04-14,182.11,cmp_8821,Meta,False,SPRING20,False
ord_41056,2025-04-15,2025-04-14,126.33,cmp_8823,Meta,False,,False
ord_41057,2025-04-15,2025-04-14,217.9,cmp_8823,Meta,True,,False
ord_41058,2025-04-15,2025-04-14,38.05,cmp_7701,Tiktok,True,,False
ord_41059,2025-04-15,2025-04-14,81.99,cmp_9001,Google,True,,False
ord_41060,2025-04-15,2025-04-14,72.92,cmp_7701,Tiktok,False,,False
ord_41061,2025-04-15,2025-04-14,93.56,cmp_9003,Google,False,,False
ord_41062,2025-04-15,2025-04-14,51.73,cmp_7701,Tiktok,True,SPRING20,False
ord_41063,2025-04-15,2025-04-14,120.51,cmp_7701,Tiktok,False,WELCOME10,False
ord_41064,2025-04-15,2025-04-14,182.91,cmp_9002,Google,False,WELCOME10,False
ord_41065,2025-04-15,2025-04-14,160.62,cmp_8822,Meta,False,SPRING20,False
ord_41066,2025-04-15,2025-04-14,195.46,cmp_7702,Tiktok,True,,False
ord_41067,2025-04-15,2025-04-14,126.83,cmp_7702,Tiktok,True,,False
ord_41068,2025-04-15,2025-04-14,188.37,cmp_8823,Meta,False,,False
ord_41069,2025-04-15,2025-04-14,81.37,cmp_9001,Google,False,,False
ord_41070,2025-04-15,2025-04-14,160.07,cmp_7701,Tiktok,False,SPRING20,False
ord_41071,2025-04-15,2025-04-14,37.09,cmp_9002,Google,False,,False
ord_41072,2025-04-15,2025-04-14,78.52,cmp_8821,Meta,True,,False
ord_41073,2025-04-15,2025-04-14,202.01,cmp_9002,Google,False,,False
ord_41074,2025-04-15,2025-04-14,213.76,cmp_9002,Google,True,,False
ord_41075,2025-04-15,2025-04-14,179.47,cmp_8821,Meta,False,SPRING20,False
ord_41076,2025-04-15,2025-04-14,63.19,cmp_9001,Google,True,,False
ord_41077,2025-04-15,2025-04-14,91.62,cmp_8823,Meta,False,,False
ord_41078,2025-04-15,2025-04-14,142.67,cmp_7702,Tiktok,False,,False
ord_41079,2025-04-15,2025-04-14,168.24,cmp_8823,Meta,True,,False
ord_41080,2025-04-15,2025-04-14,209.88,cmp_7701,Tiktok,False,,False
ord_41081,2025-04-15,2025-04-14,138.18,cmp_9003,Google,True,,False
ord_41082,2025-04-15,2025-04-14,170.79,cmp_8822,Meta,False,SPRING20,False
ord_41083,2025-04-15,2025-04-14,185.63,cmp_8822,Meta,False,,False
ord_41084,2025-04-15,2025-04-14,72.33,cmp_9001,Google,True,WELCOME10,False
ord_41085,2025-04-15,2025-04-14,109.25,cmp_8822,Meta,True,,False
ord_41086,2025-04-15,2025-04-14,188.28,cmp_8823,Meta,True,,False
ord_41087,2025-04-15,2025-04-14,40.06,cmp_9003,Google,False,SPRING20,False
ord_41088,2025-04-15,2025-04-14,60.17,cmp_7701,Tiktok,False,,False
ord_41089,2025-04-15,2025-04-14,216.38,cmp_9002,Google,True,,False
ord_41090,2025-04-15,2025-04-14,185.95,cmp_9002,Google,True,,False
ord_41091,2025-04-15,2025-04-14,43.86,cmp_8821,Meta,False,WELCOME10,False
ord_41092,2025-04-15,2025-04-14,191.14,cmp_8821,Meta,False,,False
ord_41093,2025-04-15,2025-04-14,168.01,cmp_8823,Meta,False,SPRING20,False
ord_41094,2025-04-15,2025-04-14,63.72,cmp_9002,Google,True,,False
ord_41095,2025-04-15,2025-04-14,111.9,cmp_8821,Meta,False,WELCOME10,False
ord_41096,2025-04-15,2025-04-14,145.37,cmp_9001,Google,False,,False
ord_41097,2025-04-15,2025-04-14,190.99,cmp_8822,Meta,False,WELCOME10,False
ord_41098,2025-04-15,2025-04-14,92.85,cmp_8822,Meta,False,,False
ord_41099,2025-04-15,2025-04-14,71.72,cmp_8822,Meta,False,,False
ord_41100,2025-04-15,2025-04-14,213.36,cmp_9002,Google,True,,False
ord_41101,2025-04-15,2025-04-14,99.22,cmp_7702,Tiktok,True,,False
ord_41102,2025-04-15,2025-04-14,215.69,cmp_8822,Meta,False,,False
ord_41103,2025-04-15,2025-04-14,54.42,cmp_7702,Tiktok,False,SPRING20,False
ord_41104,2025-04-15,2025-04-14,79.75,cmp_9001,Google,False,,False
ord_41105,2025-04-15,2025-04-14,41.44,cmp_8822,Meta,False,SPRING20,False
ord_41106,2025-04-16,2025-04-14,165.87,cmp_7701,Tiktok,True,,False
ord_41107,2025-04-16,2025-04-14,164.01,cmp_9003,Google,False,,False
ord_41108,2025-04-16,2025-04-14,199.82,cmp_8822,Meta,False,,False
ord_41109,2025-04-16,2025-04-14,207.24,cmp_9002,Google,False,SPRING20,False
ord_41110,2025-04-16,2025-04-14,189.78,cmp_9001,Google,True,,False
ord_41111,2025-04-16,2025-04-14,96.88,cmp_8822,Meta,False,WELCOME10,False
ord_41112,2025-04-16,2025-04-14,127.79,cmp_7701,Tiktok,True,,False
ord_41113,2025-04-16,2025-04-14,142.09,cmp_8822,Meta,False,,False
ord_41114,2025-04-16,2025-04-14,173.95,cmp_8822,Meta,True,SPRING20,False
ord_41115,2025-04-16,2025-04-14,191.27,cmp_8822,Meta,True,,False
ord_41116,2025-04-16,2025-04-14,48.72,cmp_9002,Google,True,,False
ord_41117,2025-04-16,2025-04-14,158.28,cmp_9003,Google,False,,False
ord_41118,2025-04-16,2025-04-14,160.96,cmp_8822,Meta,False,SPRING20,False
ord_41119,2025-04-16,2025-04-14,203.97,cmp_7701,Tiktok,False,WELCOME10,False
ord_41120,2025-04-16,2025-04-14,141.27,cmp_8822,Meta,True,,False
ord_41121,2025-04-16,2025-04-14,128.75,cmp_7701,Tiktok,True,SPRING20,False
ord_41122,2025-04-16,2025-04-14,119.01,cmp_7701,Tiktok,False,,False
ord_41123,2025-04-16,2025-04-14,153.79,cmp_9001,Google,False,,False
ord_41124,2025-04-16,2025-04-14,105.74,cmp_8823,Meta,True,,False
ord_41125,2025-04-16,2025-04-14,123.56,cmp_8822,Meta,True,SPRING20,False
ord_41126,2025-04-16,2025-04-14,51.91,cmp_8821,Meta,True,WELCOME10,False
ord_41127,2025-04-16,2025-04-14,198.7,cmp_9003,Google,True,SPRING20,False
ord_41128,2025-04-16,2025-04-14,109.82,cmp_7701,Tiktok,True,WELCOME10,False
ord_41129,2025-04-16,2025-04-14,115.42,cmp_7702,Tiktok,False,,False
ord_41130,2025-04-16,2025-04-14,59.52,cmp_8822,Meta,True,SPRING20,False
ord_41131,2025-04-16,2025-04-14,126.28,cmp_8822,Meta,False,,False
ord_41132,2025-04-16,2025-04-14,197.56,cmp_9001,Google,True,WELCOME10,False
ord_41133,2025-04-16,2025-04-14,69.43,cmp_8821,Meta,False,,False
ord_41134,2025-04-16,2025-04-14,149.52,cmp_8821,Meta,False,,False
ord_41135,2025-04-16,2025-04-14,150.41,cmp_9003,Google,True,,False
ord_41136,2025-04-16,2025-04-14,183.25,cmp_9003,Google,False,,False
ord_41137,2025-04-16,2025-04-14,40.67,cmp_8821,Meta,False,WELCOME10,False
ord_41138,2025-04-16,2025-04-14,142.9,cmp_9001,Google,True,,False
ord_41139,2025-04-16,2025-04-14,81.94,cmp_7701,Tiktok,True,WELCOME10,False
ord_41140,2025-04-16,2025-04-14,125.39,cmp_8823,Meta,False,SPRING20,False
ord_41141,2025-04-16,2025-04-14,42.23,cmp_9001,Google,False,,False
ord_41142,2025-04-16,2025-04-14,84.3,cmp_9001,Google,False,,False
ord_41143,2025-04-16,2025-04-14,167.33,cmp_8823,Meta,False,,False
ord_41144,2025-04-16,2025-04-14,115.37,cmp_9003,Google,True,,False
ord_41145,2025-04-16,2025-04-14,115.52,cmp_7702,Tiktok,True,,False
ord_41146,2025-04-16,2025-04-14,54.15,cmp_7702,Tiktok,True,,False
ord_41147,2025-04-16,2025-04-14,71.66,cmp_8823,Meta,True,SPRING20,False
ord_41148,2025-04-16,2025-04-14,85.34,cmp_7702,Tiktok,False,,False
ord_41149,2025-04-16,2025-04-14,93.22,cmp_8821,Meta,False,,False
ord_41150,2025-04-16,2025-04-14,101.82,cmp_8821,Meta,False,,False
ord_41151,2025-04-16,2025-04-14,67.68,cmp_9001,Google,False,,False
ord_41152,2025-04-16,2025-04-14,36.04,cmp_8821,Meta,False,SPRING20,False
ord_41153,2025-04-16,2025-04-14,90.63,cmp_8821,Meta,False,SPRING20,False
ord_41154,2025-04-16,2025-04-14,110.05,cmp_7701,Tiktok,False,,False
ord_41155,2025-04-16,2025-04-14,51.81,cmp_9003,Google,False,,False
ord_41156,2025-04-16,2025-04-14,106.31,cmp_9001,Google,True,,False
ord_41157,2025-04-16,2025-04-14,202.26,cmp_7701,Tiktok,False,WELCOME10,False
ord_41158,2025-04-16,2025-04-14,171.18,cmp_9001,Google,False,,False
ord_41159,2025-04-16,2025-04-14,52.29,cmp_8823,Meta,False,,False
ord_41160,2025-04-16,2025-04-14,82.94,cmp_7701,Tiktok,False,,False
ord_41161,2025-04-16,2025-04-14,173.3,cmp_9001,Google,False,WELCOME10,False
ord_41162,2025-04-16,2025-04-14,88.29,cmp_9001,Google,True,,False
ord_41163,2025-04-16,2025-04-14,60.92,cmp_9001,Google,False,WELCOME10,False
ord_41164,2025-04-16,2025-04-14,62.24,cmp_8821,Meta,False,,False
ord_41165,2025-04-16,2025-04-14,214.4,cmp_9001,Google,False,,False
ord_41166,2025-04-16,2025-04-14,141.15,cmp_7701,Tiktok,False,,False
ord_41167,2025-04-16,2025-04-14,72.72,cmp_8822,Meta,True,,False
ord_41168,2025-04-16,2025-04-14,126.08,cmp_9003,Google,True,SPRING20,False
ord_41169,2025-04-16,2025-04-14,124.9,cmp_8823,Meta,True,SPRING20,False
ord_41170,2025-04-17,2025-04-14,174.5,cmp_8822,Meta,False,,False
ord_41171,2025-04-17,2025-04-14,175.11,cmp_9003,Google,False,,False
ord_41172,2025-04-17,2025-04-14,96.05,cmp_7701,Tiktok,False,SPRING20,False
ord_41173,2025-04-17,2025-04-14,42.41,cmp_8822,Meta,False,,False
ord_41174,2025-04-17,2025-04-14,87.95,cmp_7701,Tiktok,False,,False
ord_41175,2025-04-17,2025-04-14,123.33,cmp_7702,Tiktok,False,,False
ord_41176,2025-04-17,2025-04-14,153.92,cmp_9002,Google,False,WELCOME10,False
ord_41177,2025-04-17,2025-04-14,45.4,cmp_7701,Tiktok,False,SPRING20,False
ord_41178,2025-04-17,2025-04-14,215.07,cmp_9002,Google,False,,False
ord_41179,2025-04-17,2025-04-14,108.5,cmp_7701,Tiktok,True,WELCOME10,False
ord_41180,2025-04-17,2025-04-14,186.87,cmp_9002,Google,False,,False
ord_41181,2025-04-17,2025-04-14,169.55,cmp_7701,Tiktok,False,,False
ord_41182,2025-04-17,2025-04-14,215.4,cmp_7702,Tiktok,False,SPRING20,False
ord_41183,2025-04-17,2025-04-14,133.64,cmp_9001,Google,True,,False
ord_41184,2025-04-17,2025-04-14,137.09,cmp_7702,Tiktok,False,WELCOME10,False
ord_41185,2025-04-17,2025-04-14,158.36,cmp_7702,Tiktok,True,,False
ord_41186,2025-04-17,2025-04-14,38.46,cmp_8822,Meta,True,SPRING20,False
ord_41187,2025-04-17,2025-04-14,192.58,cmp_9001,Google,False,,False
ord_41188,2025-04-17,2025-04-14,78.38,cmp_9001,Google,False,SPRING20,False
ord_41189,2025-04-17,2025-04-14,114.28,cmp_8822,Meta,False,,False
ord_41190,2025-04-17,2025-04-14,110.8,cmp_7702,Tiktok,False,,False
ord_41191,2025-04-17,2025-04-14,201.4,cmp_8822,Meta,True,,False
ord_41192,2025-04-17,2025-04-14,131.46,cmp_9001,Google,True,,False
ord_41193,2025-04-17,2025-04-14,79.28,cmp_9003,Google,True,,False
ord_41194,2025-04-17,2025-04-14,193.26,cmp_8822,Meta,True,WELCOME10,False
ord_41195,2025-04-17,2025-04-14,144.26,cmp_7701,Tiktok,True,SPRING20,False
ord_41196,2025-04-17,2025-04-14,157.77,cmp_8823,Meta,False,SPRING20,False
ord_41197,2025-04-17,2025-04-14,218.75,cmp_8821,Meta,False,,False
ord_41198,2025-04-17,2025-04-14,55.71,cmp_8821,Meta,True,,False
ord_41199,2025-04-17,2025-04-14,84.73,cmp_9003,Google,True,WELCOME10,False
ord_41200,2025-04-17,2025-04-14,142.11,cmp_9003,Google,True,WELCOME10,False
ord_41201,2025-04-17,2025-04-14,145.83,cmp_9002,Google,True,WELCOME10,False
ord_41202,2025-04-17,2025-04-14,203.37,cmp_9001,Google,False,,False
ord_41203,2025-04-17,2025-04-14,93.49,cmp_7702,Tiktok,False,,False
ord_41204,2025-04-17,2025-04-14,55.82,cmp_9002,Google,True,,False
ord_41205,2025-04-17,2025-04-14,166.26,cmp_9003,Google,True,SPRING20,False
ord_41206,2025-04-17,2025-04-14,66.84,cmp_8822,Meta,False,,False
ord_41207,2025-04-17,2025-04-14,52.75,cmp_8822,Meta,True,,False
ord_41208,2025-04-17,2025-04-14,135.41,cmp_9001,Google,True,SPRING20,False
ord_41209,2025-04-17,2025-04-14,142.03,cmp_8822,Meta,True,SPRING20,False
ord_41210,2025-04-17,2025-04-14,95.25,cmp_8822,Meta,False,,False
ord_41211,2025-04-17,2025-04-14,60.86,cmp_8823,Meta,False,WELCOME10,False
ord_41212,2025-04-17,2025-04-14,64.97,cmp_8823,Meta,False,,False
ord_41213,2025-04-17,2025-04-14,179.57,cmp_9003,Google,False,,False
ord_41214,2025-04-17,2025-04-14,80.81,cmp_7702,Tiktok,True,SPRING20,False
ord_41215,2025-04-17,2025-04-14,67.15,cmp_7701,Tiktok,False,SPRING20,False
ord_41216,2025-04-17,2025-04-14,38.71,cmp_9002,Google,False,,False
ord_41217,2025-04-17,2025-04-14,169.66,cmp_8823,Meta,False,WELCOME10,False
ord_41218,2025-04-17,2025-04-14,85.06,cmp_7701,Tiktok,True,,False
ord_41219,2025-04-17,2025-04-14,173.54,cmp_8822,Meta,True,,False
ord_41220,2025-04-17,2025-04-14,83.29,cmp_7702,Tiktok,False,,False
ord_41221,2025-04-17,2025-04-14,190.37,cmp_8823,Meta,True,,False
ord_41222,2025-04-17,2025-04-14,120.05,cmp_8823,Meta,False,WELCOME10,False
ord_41223,2025-04-17,2025-04-14,81.0,cmp_9003,Google,False,,False
ord_41224,2025-04-17,2025-04-14,64.2,,,False,,True
ord_41225,2025-04-17,2025-04-14,78.88,cmp_8822,Meta,False,SPRING20,False
ord_41226,2025-04-17,2025-04-14,135.55,cmp_9002,Google,False,,False
ord_41227,2025-04-17,2025-04-14,55.36,cmp_9002,Google,True,,False
ord_41228,2025-04-17,2025-04-14,50.35,cmp_7701,Tiktok,False,,False
ord_41229,2025-04-17,2025-04-14,199.92,cmp_8822,Meta,True,SPRING20,False
ord_41230,2025-04-17,2025-04-14,147.28,cmp_9002,Google,False,,False
ord_41231,2025-04-17,2025-04-14,102.7,cmp_7702,Tiktok,True,,False
ord_41232,2025-04-17,2025-04-14,201.37,cmp_9001,Google,True,,False
ord_41233,2025-04-17,2025-04-14,190.63,cmp_8822,Meta,True,SPRING20,False
ord_41234,2025-04-17,2025-04-14,49.91,cmp_8823,Meta,False,,False
ord_41235,2025-04-17,2025-04-14,127.41,cmp_9003,Google,False,SPRING20,False
ord_41236,2025-04-17,2025-04-14,38.61,cmp_9001,Google,True,,False
ord_41237,2025-04-17,2025-04-14,35.25,cmp_7702,Tiktok,False,,False
ord_41238,2025-04-17,2025-04-14,148.97,cmp_7702,Tiktok,True,SPRING20,False
ord_41239,2025-04-17,2025-04-14,170.04,cmp_8822,Meta,False,WELCOME10,False
ord_41240,2025-04-17,2025-04-14,106.98,cmp_9003,Google,False,WELCOME10,False
ord_41241,2025-04-17,2025-04-14,216.57,cmp_8822,Meta,False,,False
ord_41242,2025-04-17,2025-04-14,110.23,cmp_7702,Tiktok,False,SPRING20,False
ord_41243,2025-04-17,2025-04-14,133.28,cmp_7702,Tiktok,False,SPRING20,False
ord_41244,2025-04-17,2025-04-14,74.98,cmp_8821,Meta,True,SPRING20,False
ord_41245,2025-04-17,2025-04-14,202.69,cmp_8821,Meta,False,,False
ord_41246,2025-04-17,2025-04-14,110.93,cmp_8821,Meta,True,,False
ord_41247,2025-04-17,2025-04-14,118.19,,,False,,True
ord_41248,2025-04-17,2025-04-14,164.45,cmp_7702,Tiktok,False,SPRING20,False
ord_41249,2025-04-17,2025-04-14,176.16,cmp_8821,Meta,False,WELCOME10,False
ord_41250,2025-04-17,2025-04-14,114.39,cmp_9002,Google,True,WELCOME10,False
ord_41251,2025-04-17,2025-04-14,195.23,cmp_8823,Meta,False,,False
ord_41252,2025-04-17,2025-04-14,140.34,cmp_7701,Tiktok,False,,False
ord_41253,2025-04-18,2025-04-14,134.84,cmp_9001,Google,False,,False
ord_41254,2025-04-18,2025-04-14,215.88,cmp_9001,Google,True,,False
ord_41255,2025-04-18,2025-04-14,136.15,cmp_7701,Tiktok,True,,False
ord_41256,2025-04-18,2025-04-14,175.63,cmp_8822,Meta,False,WELCOME10,False
ord_41257,2025-04-18,2025-04-14,196.37,cmp_8823,Meta,False,,False
ord_41258,2025-04-18,2025-04-14,119.09,cmp_9003,Google,False,SPRING20,False
ord_41259,2025-04-18,2025-04-14,219.1,cmp_8823,Meta,True,,False
ord_41260,2025-04-18,2025-04-14,75.3,cmp_9002,Google,True,WELCOME10,False
ord_41261,2025-04-18,2025-04-14,90.68,cmp_8821,Meta,False,,False
ord_41262,2025-04-18,2025-04-14,37.27,cmp_9003,Google,False,SPRING20,False
ord_41263,2025-04-18,2025-04-14,57.69,cmp_9002,Google,False,,False
ord_41264,2025-04-18,2025-04-14,185.77,cmp_7701,Tiktok,True,,False
ord_41265,2025-04-18,2025-04-14,82.55,cmp_8823,Meta,True,SPRING20,False
ord_41266,2025-04-18,2025-04-14,72.97,cmp_7701,Tiktok,True,,False
ord_41267,2025-04-18,2025-04-14,104.71,cmp_9003,Google,True,,False
ord_41268,2025-04-18,2025-04-14,53.69,cmp_8822,Meta,True,,False
ord_41269,2025-04-18,2025-04-14,136.25,cmp_9003,Google,True,SPRING20,False
ord_41270,2025-04-18,2025-04-14,160.95,cmp_8822,Meta,True,,False
ord_41271,2025-04-18,2025-04-14,113.47,cmp_8822,Meta,False,SPRING20,False
ord_41272,2025-04-18,2025-04-14,165.25,cmp_8823,Meta,False,,False
ord_41273,2025-04-18,2025-04-14,198.66,cmp_8822,Meta,False,,False
ord_41274,2025-04-18,2025-04-14,95.8,cmp_8822,Meta,True,,False
ord_41275,2025-04-18,2025-04-14,215.56,cmp_8821,Meta,True,WELCOME10,False
ord_41276,2025-04-18,2025-04-14,55.5,cmp_9001,Google,True,,False
ord_41277,2025-04-18,2025-04-14,187.38,cmp_9003,Google,True,,False
ord_41278,2025-04-18,2025-04-14,71.76,cmp_8821,Meta,True,WELCOME10,False
ord_41279,2025-04-18,2025-04-14,170.35,cmp_9002,Google,False,,False
ord_41280,2025-04-18,2025-04-14,130.46,cmp_7702,Tiktok,False,WELCOME10,False
ord_41281,2025-04-18,2025-04-14,115.02,cmp_9003,Google,False,,False
ord_41282,2025-04-18,2025-04-14,103.98,cmp_7702,Tiktok,False,SPRING20,False
ord_41283,2025-04-18,2025-04-14,73.98,cmp_9003,Google,True,,False
ord_41284,2025-04-18,2025-04-14,74.7,cmp_8822,Meta,False,SPRING20,False
ord_41285,2025-04-18,2025-04-14,91.0,cmp_7701,Tiktok,False,WELCOME10,False
ord_41286,2025-04-18,2025-04-14,63.02,cmp_7701,Tiktok,False,,False
ord_41287,2025-04-18,2025-04-14,170.03,cmp_7701,Tiktok,False,WELCOME10,False
ord_41288,2025-04-18,2025-04-14,180.35,cmp_8821,Meta,False,WELCOME10,False
ord_41289,2025-04-18,2025-04-14,148.35,cmp_8823,Meta,True,,False
ord_41290,2025-04-18,2025-04-14,155.61,cmp_8821,Meta,True,SPRING20,False
ord_41291,2025-04-18,2025-04-14,209.88,cmp_9003,Google,False,,False
ord_41292,2025-04-18,2025-04-14,179.87,cmp_9001,Google,True,,False
ord_41293,2025-04-18,2025-04-14,136.89,cmp_8822,Meta,False,,False
ord_41294,2025-04-18,2025-04-14,159.63,cmp_8823,Meta,True,SPRING20,False
ord_41295,2025-04-18,2025-04-14,139.73,cmp_8821,Meta,False,,False
ord_41296,2025-04-18,2025-04-14,127.16,cmp_7702,Tiktok,False,WELCOME10,False
ord_41297,2025-04-18,2025-04-14,201.25,cmp_8822,Meta,True,,False
ord_41298,2025-04-18,2025-04-14,86.89,cmp_7702,Tiktok,False,,False
ord_41299,2025-04-18,2025-04-14,214.37,cmp_7702,Tiktok,False,WELCOME10,False
ord_41300,2025-04-18,2025-04-14,86.03,cmp_8821,Meta,True,SPRING20,False
ord_41301,2025-04-18,2025-04-14,89.36,cmp_8823,Meta,False,WELCOME10,False
ord_41302,2025-04-18,2025-04-14,191.8,cmp_8823,Meta,False,,False
ord_41303,2025-04-18,2025-04-14,127.67,cmp_8822,Meta,True,,False
ord_41304,2025-04-18,2025-04-14,141.5,cmp_9002,Google,True,,False
ord_41305,2025-04-18,2025-04-14,86.3,cmp_7702,Tiktok,True,,False
ord_41306,2025-04-18,2025-04-14,40.94,cmp_9002,Google,True,SPRING20,False
ord_41307,2025-04-18,2025-04-14,177.44,cmp_9001,Google,False,,False
ord_41308,2025-04-18,2025-04-14,157.06,cmp_8822,Meta,True,,False
ord_41309,2025-04-18,2025-04-14,69.8,cmp_9003,Google,True,,False
ord_41310,2025-04-18,2025-04-14,47.58,cmp_8822,Meta,True,,False
ord_41311,2025-04-18,2025-04-14,124.71,cmp_8823,Meta,False,,False
ord_41312,2025-04-18,2025-04-14,148.57,cmp_9003,Google,True,,False
ord_41313,2025-04-18,2025-04-14,77.64,cmp_8823,Meta,True,,False
ord_41314,2025-04-18,2025-04-14,94.91,cmp_9002,Google,True,SPRING20,False
ord_41315,2025-04-18,2025-04-14,212.06,cmp_7702,Tiktok,False,,False
ord_41316,2025-04-18,2025-04-14,53.46,cmp_9003,Google,True,,False
ord_41317,2025-04-18,2025-04-14,129.11,cmp_8822,Meta,False,,False
ord_41318,2025-04-18,2025-04-14,57.6,cmp_9003,Google,True,WELCOME10,False
ord_41319,2025-04-18,2025-04-14,50.26,cmp_9001,Google,True,SPRING20,False
ord_41320,2025-04-18,2025-04-14,88.91,cmp_9003,Google,True,,False
ord_41321,2025-04-18,2025-04-14,101.33,cmp_9001,Google,False,SPRING20,False
ord_41322,2025-04-18,2025-04-14,155.32,cmp_8822,Meta,True,,False
ord_41323,2025-04-18,2025-04-14,130.76,cmp_8823,Meta,False,SPRING20,False
ord_41324,2025-04-18,2025-04-14,192.23,cmp_9002,Google,False,,False
ord_41325,2025-04-18,2025-04-14,195.44,cmp_9003,Google,True,SPRING20,False
ord_41326,2025-04-18,2025-04-14,98.21,cmp_9003,Google,False,,False
ord_41327,2025-04-18,2025-04-14,127.47,cmp_9003,Google,False,,False
ord_41328,2025-04-18,2025-04-14,177.92,cmp_9003,Google,False,,False
ord_41329,2025-04-18,2025-04-14,72.8,cmp_9001,Google,True,WELCOME10,False
ord_41330,2025-04-18,2025-04-14,54.51,cmp_8821,Meta,False,,False
ord_41331,2025-04-18,2025-04-14,99.73,cmp_9002,Google,False,SPRING20,False
ord_41332,2025-04-18,2025-04-14,72.82,cmp_8823,Meta,False,SPRING20,False
ord_41333,2025-04-18,2025-04-14,116.95,cmp_8822,Meta,False,,False
ord_41334,2025-04-18,2025-04-14,219.79,cmp_9002,Google,True,,False
ord_41335,2025-04-18,2025-04-14,154.63,cmp_7702,Tiktok,False,,False
ord_41336,2025-04-18,2025-04-14,116.94,cmp_9001,Google,False,,False
ord_41337,2025-04-18,2025-04-14,157.43,cmp_8822,Meta,True,WELCOME10,False
ord_41338,2025-04-18,2025-04-14,121.7,cmp_8823,Meta,True,WELCOME10,False
ord_41339,2025-04-18,2025-04-14,182.09,cmp_7701,Tiktok,False,,False
ord_41340,2025-04-19,2025-04-14,69.41,cmp_7701,Tiktok,True,WELCOME10,False
ord_41341,2025-04-19,2025-04-14,77.43,cmp_8823,Meta,True,SPRING20,False
ord_41342,2025-04-19,2025-04-14,216.33,cmp_9002,Google,True,,False
ord_41343,2025-04-19,2025-04-14,39.79,cmp_9003,Google,False,WELCOME10,False
ord_41344,2025-04-19,2025-04-14,166.61,cmp_7702,Tiktok,True,,False
ord_41345,2025-04-19,2025-04-14,217.74,cmp_9001,Google,False,,False
ord_41346,2025-04-19,2025-04-14,175.87,cmp_7702,Tiktok,False,,False
ord_41347,2025-04-19,2025-04-14,138.41,cmp_9001,Google,False,,False
ord_41348,2025-04-19,2025-04-14,69.16,cmp_7701,Tiktok,True,WELCOME10,False
ord_41349,2025-04-19,2025-04-14,56.17,cmp_7701,Tiktok,False,WELCOME10,False
ord_41350,2025-04-19,2025-04-14,194.37,cmp_7702,Tiktok,True,,False
ord_41351,2025-04-19,2025-04-14,155.79,cmp_9003,Google,True,SPRING20,False
ord_41352,2025-04-19,2025-04-14,95.34,cmp_8823,Meta,True,,False
ord_41353,2025-04-19,2025-04-14,44.2,cmp_8823,Meta,True,,False
ord_41354,2025-04-19,2025-04-14,57.81,cmp_8821,Meta,False,,False
ord_41355,2025-04-19,2025-04-14,199.15,cmp_8823,Meta,True,SPRING20,False
ord_41356,2025-04-19,2025-04-14,156.54,cmp_8822,Meta,False,,False
ord_41357,2025-04-19,2025-04-14,116.29,cmp_9002,Google,False,,False
ord_41358,2025-04-19,2025-04-14,127.96,cmp_8823,Meta,False,,False
ord_41359,2025-04-19,2025-04-14,93.27,cmp_7702,Tiktok,False,SPRING20,False
ord_41360,2025-04-19,2025-04-14,189.81,,,False,,True
ord_41361,2025-04-19,2025-04-14,192.34,cmp_7702,Tiktok,True,SPRING20,False
ord_41362,2025-04-19,2025-04-14,153.35,cmp_8823,Meta,True,,False
ord_41363,2025-04-19,2025-04-14,38.35,cmp_9002,Google,False,SPRING20,False
ord_41364,2025-04-19,2025-04-14,79.39,cmp_8822,Meta,False,,False
ord_41365,2025-04-19,2025-04-14,151.46,cmp_8823,Meta,False,,False
ord_41366,2025-04-19,2025-04-14,169.56,cmp_9001,Google,False,,False
ord_41367,2025-04-19,2025-04-14,203.77,cmp_7702,Tiktok,True,,False
ord_41368,2025-04-19,2025-04-14,146.42,cmp_8821,Meta,True,,False
ord_41369,2025-04-19,2025-04-14,77.93,cmp_7701,Tiktok,True,WELCOME10,False
ord_41370,2025-04-19,2025-04-14,201.41,cmp_9002,Google,True,,False
ord_41371,2025-04-19,2025-04-14,55.39,,,False,SPRING20,True
ord_41372,2025-04-19,2025-04-14,49.66,cmp_8821,Meta,True,,False
ord_41373,2025-04-19,2025-04-14,105.69,cmp_7701,Tiktok,False,,False
ord_41374,2025-04-19,2025-04-14,216.46,cmp_7702,Tiktok,False,,False
ord_41375,2025-04-19,2025-04-14,122.29,cmp_7701,Tiktok,False,,False
ord_41376,2025-04-19,2025-04-14,55.79,cmp_9001,Google,False,SPRING20,False
ord_41377,2025-04-19,2025-04-14,75.52,cmp_9001,Google,False,,False
ord_41378,2025-04-19,2025-04-14,85.28,cmp_8821,Meta,True,SPRING20,False
ord_41379,2025-04-19,2025-04-14,132.85,cmp_8821,Meta,True,,False
ord_41380,2025-04-19,2025-04-14,78.76,cmp_9002,Google,False,,False
ord_41381,2025-04-19,2025-04-14,73.29,cmp_8822,Meta,True,,False
ord_41382,2025-04-19,2025-04-14,106.5,cmp_8821,Meta,False,,False
ord_41383,2025-04-19,2025-04-14,72.56,cmp_8821,Meta,False,SPRING20,False
ord_41384,2025-04-19,2025-04-14,51.93,cmp_8822,Meta,False,WELCOME10,False
ord_41385,2025-04-19,2025-04-14,110.8,cmp_8821,Meta,True,SPRING20,False
ord_41386,2025-04-19,2025-04-14,86.56,cmp_7702,Tiktok,False,,False
ord_41387,2025-04-19,2025-04-14,145.75,cmp_9003,Google,True,SPRING20,False
ord_41388,2025-04-19,2025-04-14,100.29,cmp_8823,Meta,True,SPRING20,False
ord_41389,2025-04-19,2025-04-14,181.44,cmp_7701,Tiktok,False,,False
ord_41390,2025-04-19,2025-04-14,205.99,cmp_8823,Meta,False,,False
ord_41391,2025-04-19,2025-04-14,139.55,cmp_9002,Google,False,WELCOME10,False
ord_41392,2025-04-19,2025-04-14,201.08,cmp_9002,Google,False,WELCOME10,False
ord_41393,2025-04-19,2025-04-14,61.93,cmp_8821,Meta,False,WELCOME10,False
ord_41394,2025-04-19,2025-04-14,112.79,cmp_7702,Tiktok,False,,False
ord_41395,2025-04-19,2025-04-14,72.71,cmp_9001,Google,False,SPRING20,False
ord_41396,2025-04-19,2025-04-14,38.72,cmp_8821,Meta,False,,False
ord_41397,2025-04-19,2025-04-14,117.0,cmp_7702,Tiktok,True,WELCOME10,False
ord_41398,2025-04-19,2025-04-14,134.04,cmp_8822,Meta,False,,False
ord_41399,2025-04-19,2025-04-14,188.12,cmp_8821,Meta,False,SPRING20,False
ord_41400,2025-04-19,2025-04-14,72.21,cmp_8822,Meta,False,,False
ord_41401,2025-04-19,2025-04-14,146.14,cmp_7701,Tiktok,True,,False
ord_41402,2025-04-19,2025-04-14,38.49,cmp_8821,Meta,False,SPRING20,False
ord_41403,2025-04-19,2025-04-14,40.79,cmp_7702,Tiktok,False,SPRING20,False
ord_41404,2025-04-19,2025-04-14,205.55,cmp_8822,Meta,False,SPRING20,False
ord_41405,2025-04-19,2025-04-14,215.85,cmp_8821,Meta,False,,False
ord_41406,2025-04-19,2025-04-14,210.41,cmp_8821,Meta,False,,False
ord_41407,2025-04-20,2025-04-14,52.17,cmp_9003,Google,True,SPRING20,False
ord_41408,2025-04-20,2025-04-14,202.13,cmp_9002,Google,True,SPRING20,False
ord_41409,2025-04-20,2025-04-14,218.51,cmp_9002,Google,True,,False
ord_41410,2025-04-20,2025-04-14,60.32,cmp_8822,Meta,False,,False
ord_41411,2025-04-20,2025-04-14,45.28,cmp_9003,Google,False,WELCOME10,False
ord_41412,2025-04-20,2025-04-14,98.43,cmp_9003,Google,True,WELCOME10,False
ord_41413,2025-04-20,2025-04-14,202.78,cmp_7702,Tiktok,False,,False
ord_41414,2025-04-20,2025-04-14,75.89,cmp_7701,Tiktok,False,,False
ord_41415,2025-04-20,2025-04-14,155.57,cmp_8822,Meta,False,SPRING20,False
ord_41416,2025-04-20,2025-04-14,46.86,cmp_9001,Google,False,,False
ord_41417,2025-04-20,2025-04-14,154.78,cmp_8823,Meta,False,,False
ord_41418,2025-04-20,2025-04-14,108.63,cmp_9001,Google,True,,False
ord_41419,2025-04-20,2025-04-14,215.28,cmp_9003,Google,True,,False
ord_41420,2025-04-20,2025-04-14,174.81,cmp_8821,Meta,True,SPRING20,False
ord_41421,2025-04-20,2025-04-14,197.72,cmp_8821,Meta,False,,False
ord_41422,2025-04-20,2025-04-14,197.39,cmp_8822,Meta,True,,False
ord_41423,2025-04-20,2025-04-14,200.96,cmp_9001,Google,False,,False
ord_41424,2025-04-20,2025-04-14,151.04,cmp_7702,Tiktok,False,,False
ord_41425,2025-04-20,2025-04-14,212.1,cmp_7702,Tiktok,False,SPRING20,False
ord_41426,2025-04-20,2025-04-14,90.36,cmp_7702,Tiktok,True,,False
ord_41427,2025-04-20,2025-04-14,204.78,cmp_8821,Meta,True,,False
ord_41428,2025-04-20,2025-04-14,135.48,cmp_9003,Google,True,WELCOME10,False
ord_41429,2025-04-20,2025-04-14,62.97,cmp_9001,Google,True,SPRING20,False
ord_41430,2025-04-20,2025-04-14,91.67,cmp_9001,Google,True,WELCOME10,False
ord_41431,2025-04-20,2025-04-14,83.46,cmp_8821,Meta,True,,False
ord_41432,2025-04-20,2025-04-14,67.4,cmp_8822,Meta,True,SPRING20,False
ord_41433,2025-04-20,2025-04-14,44.62,cmp_8823,Meta,False,,False
ord_41434,2025-04-20,2025-04-14,166.48,cmp_7701,Tiktok,False,SPRING20,False
ord_41435,2025-04-20,2025-04-14,67.7,cmp_9002,Google,True,,False
ord_41436,2025-04-20,2025-04-14,50.51,cmp_8822,Meta,False,,False
ord_41437,2025-04-20,2025-04-14,92.34,cmp_8821,Meta,True,,False
ord_41438,2025-04-20,2025-04-14,90.68,cmp_7702,Tiktok,False,,False
ord_41439,2025-04-20,2025-04-14,71.78,cmp_9003,Google,True,,False
ord_41440,2025-04-20,2025-04-14,105.14,cmp_7701,Tiktok,True,WELCOME10,False
ord_41441,2025-04-20,2025-04-14,161.13,cmp_9001,Google,True,,False
ord_41442,2025-04-20,2025-04-14,118.4,cmp_9001,Google,True,,False
ord_41443,2025-04-20,2025-04-14,193.29,cmp_8823,Meta,False,,False
ord_41444,2025-04-20,2025-04-14,88.65,cmp_9001,Google,True,,False
ord_41445,2025-04-20,2025-04-14,166.38,cmp_9003,Google,False,WELCOME10,False
ord_41446,2025-04-20,2025-04-14,79.7,cmp_8823,Meta,True,SPRING20,False
ord_41447,2025-04-20,2025-04-14,192.21,cmp_7701,Tiktok,False,,False
ord_41448,2025-04-20,2025-04-14,180.4,cmp_7701,Tiktok,False,,False
ord_41449,2025-04-20,2025-04-14,39.68,cmp_7702,Tiktok,False,,False
ord_41450,2025-04-20,2025-04-14,141.25,cmp_8821,Meta,False,,False
ord_41451,2025-04-20,2025-04-14,40.0,cmp_7702,Tiktok,True,,False
ord_41452,2025-04-20,2025-04-14,194.95,cmp_7701,Tiktok,True,WELCOME10,False
ord_41453,2025-04-20,2025-04-14,139.67,cmp_8823,Meta,False,WELCOME10,False
ord_41454,2025-04-20,2025-04-14,157.87,cmp_9001,Google,False,SPRING20,False
ord_41455,2025-04-20,2025-04-14,178.63,cmp_7701,Tiktok,True,,False
ord_41456,2025-04-20,2025-04-14,143.18,cmp_8822,Meta,False,,False
ord_41457,2025-04-20,2025-04-14,43.43,cmp_8823,Meta,True,,False
ord_41458,2025-04-20,2025-04-14,200.69,cmp_9003,Google,False,,False
ord_41459,2025-04-20,2025-04-14,58.99,cmp_8823,Meta,False,,False
ord_41460,2025-04-20,2025-04-14,128.87,cmp_9003,Google,False,,False
ord_41461,2025-04-20,2025-04-14,85.51,cmp_7702,Tiktok,False,,False
ord_41462,2025-04-20,2025-04-14,130.02,cmp_8821,Meta,True,SPRING20,False
ord_41463,2025-04-20,2025-04-14,206.32,cmp_9003,Google,True,SPRING20,False
ord_41464,2025-04-20,2025-04-14,94.35,cmp_7702,Tiktok,True,,False
ord_41465,2025-04-20,2025-04-14,156.62,cmp_8823,Meta,False,,False
ord_41466,2025-04-20,2025-04-14,53.6,cmp_7701,Tiktok,True,,False
ord_41467,2025-04-20,2025-04-14,208.82,cmp_8823,Meta,True,,False
ord_41468,2025-04-20,2025-04-14,45.81,cmp_8821,Meta,False,WELCOME10,False
ord_41469,2025-04-20,2025-04-14,187.35,cmp_8823,Meta,True,WELCOME10,False
ord_41470,2025-04-20,2025-04-14,45.24,cmp_7701,Tiktok,True,,False
ord_41471,2025-04-20,2025-04-14,51.83,cmp_7702,Tiktok,False,SPRING20,False
ord_41472,2025-04-20,2025-04-14,189.68,cmp_9002,Google,False,,False
ord_41473,2025-04-20,2025-04-14,131.61,cmp_7702,Tiktok,False,WELCOME10,False
ord_41474,2025-04-20,2025-04-14,166.49,cmp_9002,Google,False,,False
ord_41475,2025-04-20,2025-04-14,173.42,cmp_9001,Google,True,SPRING20,False
ord_41476,2025-04-20,2025-04-14,182.56,cmp_7701,Tiktok,False,,False
ord_41477,2025-04-20,2025-04-14,106.58,cmp_9001,Google,False,SPRING20,False
ord_41478,2025-04-20,2025-04-14,122.38,cmp_9003,Google,False,SPRING20,False
ord_41479,2025-04-20,2025-04-14,47.75,cmp_7701,Tiktok,True,WELCOME10,False
ord_41480,2025-04-20,2025-04-14,51.27,cmp_8822,Meta,False,SPRING20,False
ord_41481,2025-04-20,2025-04-14,133.13,cmp_8823,Meta,False,,False
ord_41482,2025-04-20,2025-04-14,112.33,cmp_7702,Tiktok,False,,False
ord_41483,2025-04-20,2025-04-14,185.77,cmp_9001,Google,False,,False
ord_41484,2025-04-20,2025-04-14,215.17,cmp_9002,Google,False,,False
ord_41485,2025-04-20,2025-04-14,193.81,cmp_9002,Google,False,,False
ord_41486,2025-04-20,2025-04-14,123.41,cmp_8822,Meta,False,,False
ord_41487,2025-04-20,2025-04-14,156.49,cmp_9002,Google,False,,False
ord_41488,2025-04-20,2025-04-14,120.52,cmp_7702,Tiktok,False,,False
ord_41489,2025-04-20,2025-04-14,207.49,cmp_8823,Meta,False,,False
ord_41490,2025-04-20,2025-04-14,106.39,cmp_8821,Meta,True,,False
ord_41491,2025-04-20,2025-04-14,194.4,cmp_9001,Google,True,WELCOME10,False
ord_41492,2025-04-20,2025-04-14,193.07,cmp_9002,Google,True,SPRING20,False
ord_41493,2025-04-20,2025-04-14,41.37,cmp_9003,Google,True,SPRING20,False
ord_41494,2025-04-20,2025-04-14,181.94,cmp_9002,Google,False,,False
ord_41495,2025-04-20,2025-04-14,67.35,cmp_8821,Meta,True,,False
ord_41496,2025-04-20,2025-04-14,68.09,cmp_9002,Google,True,,False
ord_41497,2025-04-21,2025-04-21,214.53,cmp_9002,Google,True,,False
ord_41498,2025-04-21,2025-04-21,215.89,cmp_8822,Meta,False,,False
ord_41499,2025-04-21,2025-04-21,96.73,cmp_8821,Meta,False,SPRING20,False
ord_41500,2025-04-22,2025-04-21,205.88,cmp_7702,Tiktok,True,SPRING20,False
ord_41501,2025-04-22,2025-04-21,186.7,cmp_9001,Google,False,,False
ord_41502,2025-04-22,2025-04-21,207.69,cmp_7701,Tiktok,True,WELCOME10,False
ord_41503,2025-04-22,2025-04-21,192.76,cmp_9003,Google,False,,False
ord_41504,2025-04-22,2025-04-21,64.07,cmp_8821,Meta,False,,False
ord_41505,2025-04-22,2025-04-21,187.71,cmp_9002,Google,True,SPRING20,False
ord_41506,2025-04-22,2025-04-21,66.62,cmp_9003,Google,True,,False
ord_41507,2025-04-22,2025-04-21,140.07,cmp_8823,Meta,False,SPRING20,False
ord_41508,2025-04-22,2025-04-21,125.19,cmp_9001,Google,True,SPRING20,False
ord_41509,2025-04-22,2025-04-21,182.27,cmp_8821,Meta,True,,False
ord_41510,2025-04-22,2025-04-21,65.73,cmp_9002,Google,True,WELCOME10,False
ord_41511,2025-04-22,2025-04-21,142.19,cmp_7702,Tiktok,False,,False
ord_41512,2025-04-22,2025-04-21,133.53,cmp_7701,Tiktok,True,WELCOME10,False
ord_41513,2025-04-22,2025-04-21,157.1,cmp_8823,Meta,False,,False
ord_41514,2025-04-22,2025-04-21,149.01,cmp_9001,Google,False,SPRING20,False
ord_41515,2025-04-22,2025-04-21,118.09,cmp_9002,Google,True,,False
ord_41516,2025-04-22,2025-04-21,153.28,cmp_9001,Google,True,,False
ord_41517,2025-04-22,2025-04-21,162.47,cmp_7701,Tiktok,True,WELCOME10,False
ord_41518,2025-04-22,2025-04-21,118.48,cmp_7701,Tiktok,False,,False
ord_41519,2025-04-22,2025-04-21,130.49,cmp_7702,Tiktok,False,SPRING20,False
ord_41520,2025-04-22,2025-04-21,139.46,cmp_8822,Meta,True,WELCOME10,False
ord_41521,2025-04-22,2025-04-21,73.75,cmp_9002,Google,True,,False
ord_41522,2025-04-22,2025-04-21,143.55,cmp_9001,Google,True,,False
ord_41523,2025-04-22,2025-04-21,142.64,cmp_7702,Tiktok,True,,False
ord_41524,2025-04-22,2025-04-21,69.77,cmp_8823,Meta,True,,False
ord_41525,2025-04-22,2025-04-21,95.4,cmp_9002,Google,True,,False
ord_41526,2025-04-22,2025-04-21,128.33,cmp_9003,Google,False,,False
ord_41527,2025-04-22,2025-04-21,78.67,cmp_7701,Tiktok,False,,False
ord_41528,2025-04-22,2025-04-21,208.54,cmp_7701,Tiktok,True,,False
ord_41529,2025-04-22,2025-04-21,103.09,cmp_9001,Google,True,,False
ord_41530,2025-04-22,2025-04-21,38.08,cmp_8821,Meta,True,,False
ord_41531,2025-04-22,2025-04-21,215.6,cmp_9001,Google,True,WELCOME10,False
ord_41532,2025-04-22,2025-04-21,67.61,cmp_8823,Meta,True,SPRING20,False
ord_41533,2025-04-22,2025-04-21,89.94,cmp_9001,Google,True,,False
ord_41534,2025-04-22,2025-04-21,107.95,cmp_9001,Google,True,,False
ord_41535,2025-04-22,2025-04-21,195.01,cmp_8822,Meta,True,,False
ord_41536,2025-04-22,2025-04-21,205.26,cmp_7701,Tiktok,True,,False
ord_41537,2025-04-22,2025-04-21,117.63,cmp_8823,Meta,False,,False
ord_41538,2025-04-22,2025-04-21,132.38,cmp_9002,Google,False,WELCOME10,False
ord_41539,2025-04-22,2025-04-21,164.17,cmp_9001,Google,True,,False
ord_41540,2025-04-22,2025-04-21,156.41,cmp_8821,Meta,False,,False
ord_41541,2025-04-22,2025-04-21,162.41,cmp_8823,Meta,False,,False
ord_41542,2025-04-22,2025-04-21,37.16,cmp_8822,Meta,False,,False
ord_41543,2025-04-22,2025-04-21,196.65,cmp_9002,Google,True,,False
ord_41544,2025-04-22,2025-04-21,95.88,cmp_8823,Meta,False,,False
ord_41545,2025-04-22,2025-04-21,215.75,cmp_8823,Meta,True,SPRING20,False
ord_41546,2025-04-22,2025-04-21,91.05,cmp_9002,Google,False,,False
ord_41547,2025-04-22,2025-04-21,77.45,cmp_8821,Meta,True,,False
ord_41548,2025-04-22,2025-04-21,50.8,cmp_8823,Meta,False,SPRING20,False
ord_41549,2025-04-22,2025-04-21,121.92,cmp_9002,Google,True,,False
ord_41550,2025-04-22,2025-04-21,138.48,cmp_7701,Tiktok,True,,False
ord_41551,2025-04-22,2025-04-21,36.64,cmp_9003,Google,False,SPRING20,False
ord_41552,2025-04-22,2025-04-21,200.6,cmp_9001,Google,False,SPRING20,False
ord_41553,2025-04-22,2025-04-21,90.71,cmp_9001,Google,False,,False
ord_41554,2025-04-22,2025-04-21,128.52,cmp_8822,Meta,True,,False
ord_41555,2025-04-22,2025-04-21,76.02,cmp_7702,Tiktok,False,WELCOME10,False
ord_41556,2025-04-22,2025-04-21,116.2,cmp_9003,Google,True,,False
ord_41557,2025-04-22,2025-04-21,114.34,cmp_9001,Google,False,SPRING20,False
ord_41558,2025-04-22,2025-04-21,211.08,cmp_7702,Tiktok,False,,False
ord_41559,2025-04-22,2025-04-21,131.5,cmp_8823,Meta,False,,False
ord_41560,2025-04-22,2025-04-21,81.36,cmp_9001,Google,False,WELCOME10,False
ord_41561,2025-04-22,2025-04-21,41.18,cmp_9003,Google,False,,False
ord_41562,2025-04-22,2025-04-21,92.28,cmp_7702,Tiktok,False,,False
ord_41563,2025-04-22,2025-04-21,164.11,cmp_8822,Meta,True,,False
ord_41564,2025-04-22,2025-04-21,199.92,cmp_9003,Google,True,,False
ord_41565,2025-04-22,2025-04-21,83.05,cmp_9001,Google,True,,False
ord_41566,2025-04-22,2025-04-21,80.71,cmp_8823,Meta,False,SPRING20,False
ord_41567,2025-04-22,2025-04-21,154.95,cmp_9003,Google,False,WELCOME10,False
ord_41568,2025-04-22,2025-04-21,48.47,cmp_8821,Meta,True,,False
ord_41569,2025-04-22,2025-04-21,178.43,cmp_9001,Google,True,WELCOME10,False
ord_41570,2025-04-22,2025-04-21,72.47,cmp_8823,Meta,False,WELCOME10,False
ord_41571,2025-04-22,2025-04-21,76.43,,,True,WELCOME10,True
ord_41572,2025-04-22,2025-04-21,214.94,cmp_8822,Meta,True,SPRING20,False
ord_41573,2025-04-22,2025-04-21,114.56,cmp_7701,Tiktok,False,,False
ord_41574,2025-04-23,2025-04-21,58.9,cmp_8821,Meta,True,SPRING20,False
ord_41575,2025-04-23,2025-04-21,105.9,cmp_8823,Meta,False,,False
ord_41576,2025-04-23,2025-04-21,161.44,cmp_8823,Meta,False,SPRING20,False
ord_41577,2025-04-23,2025-04-21,125.67,cmp_9002,Google,True,,False
ord_41578,2025-04-23,2025-04-21,66.36,cmp_9002,Google,False,SPRING20,False
ord_41579,2025-04-23,2025-04-21,59.99,cmp_8822,Meta,True,,False
ord_41580,2025-04-23,2025-04-21,177.2,cmp_9002,Google,True,,False
ord_41581,2025-04-23,2025-04-21,87.72,cmp_8821,Meta,True,,False
ord_41582,2025-04-23,2025-04-21,151.09,,,False,,True
ord_41583,2025-04-23,2025-04-21,151.53,cmp_9001,Google,False,SPRING20,False
ord_41584,2025-04-23,2025-04-21,129.55,cmp_9002,Google,False,,False
ord_41585,2025-04-23,2025-04-21,159.02,cmp_8823,Meta,True,,False
ord_41586,2025-04-23,2025-04-21,177.59,cmp_9001,Google,False,,False
ord_41587,2025-04-23,2025-04-21,142.42,cmp_9002,Google,True,SPRING20,False
ord_41588,2025-04-23,2025-04-21,194.3,cmp_7702,Tiktok,True,WELCOME10,False
ord_41589,2025-04-23,2025-04-21,100.19,cmp_7701,Tiktok,True,WELCOME10,False
ord_41590,2025-04-23,2025-04-21,144.12,cmp_7702,Tiktok,False,WELCOME10,False
ord_41591,2025-04-23,2025-04-21,55.11,cmp_9003,Google,True,WELCOME10,False
ord_41592,2025-04-23,2025-04-21,62.1,cmp_7701,Tiktok,True,,False
ord_41593,2025-04-23,2025-04-21,58.49,cmp_9003,Google,True,,False
ord_41594,2025-04-23,2025-04-21,116.72,cmp_9001,Google,False,WELCOME10,False
ord_41595,2025-04-23,2025-04-21,126.51,cmp_8823,Meta,False,,False
ord_41596,2025-04-23,2025-04-21,218.91,cmp_8823,Meta,True,,False
ord_41597,2025-04-23,2025-04-21,117.46,cmp_8821,Meta,False,,False
ord_41598,2025-04-23,2025-04-21,217.54,cmp_7702,Tiktok,False,,False
ord_41599,2025-04-23,2025-04-21,133.18,cmp_8823,Meta,False,,False
ord_41600,2025-04-23,2025-04-21,69.47,cmp_9003,Google,True,SPRING20,False
ord_41601,2025-04-23,2025-04-21,122.01,cmp_9002,Google,True,WELCOME10,False
ord_41602,2025-04-23,2025-04-21,183.17,cmp_9001,Google,True,SPRING20,False
ord_41603,2025-04-23,2025-04-21,109.87,cmp_7701,Tiktok,True,SPRING20,False
ord_41604,2025-04-23,2025-04-21,83.61,cmp_8822,Meta,False,,False
ord_41605,2025-04-23,2025-04-21,86.69,cmp_8822,Meta,False,SPRING20,False
ord_41606,2025-04-23,2025-04-21,113.37,cmp_9001,Google,False,,False
ord_41607,2025-04-23,2025-04-21,217.57,cmp_9003,Google,True,WELCOME10,False
ord_41608,2025-04-23,2025-04-21,166.59,cmp_8823,Meta,False,,False
ord_41609,2025-04-23,2025-04-21,173.77,cmp_7701,Tiktok,True,,False
ord_41610,2025-04-23,2025-04-21,152.07,cmp_8821,Meta,False,WELCOME10,False
ord_41611,2025-04-23,2025-04-21,37.29,cmp_7701,Tiktok,False,WELCOME10,False
ord_41612,2025-04-23,2025-04-21,103.76,cmp_8822,Meta,False,,False
ord_41613,2025-04-23,2025-04-21,192.01,cmp_9001,Google,False,WELCOME10,False
ord_41614,2025-04-23,2025-04-21,97.88,cmp_9003,Google,False,,False
ord_41615,2025-04-23,2025-04-21,156.81,cmp_7701,Tiktok,False,WELCOME10,False
ord_41616,2025-04-23,2025-04-21,64.76,cmp_7701,Tiktok,False,,False
ord_41617,2025-04-23,2025-04-21,208.72,cmp_7702,Tiktok,False,SPRING20,False
ord_41618,2025-04-23,2025-04-21,122.79,cmp_9002,Google,True,,False
ord_41619,2025-04-23,2025-04-21,129.35,cmp_8822,Meta,True,WELCOME10,False
ord_41620,2025-04-23,2025-04-21,79.93,cmp_8823,Meta,False,,False
ord_41621,2025-04-23,2025-04-21,48.88,cmp_8821,Meta,False,,False
ord_41622,2025-04-23,2025-04-21,105.19,cmp_8823,Meta,True,,False
ord_41623,2025-04-23,2025-04-21,168.13,cmp_9002,Google,True,,False
ord_41624,2025-04-23,2025-04-21,102.62,cmp_9002,Google,True,WELCOME10,False
ord_41625,2025-04-23,2025-04-21,43.49,cmp_8821,Meta,True,,False
ord_41626,2025-04-23,2025-04-21,150.72,cmp_8821,Meta,False,SPRING20,False
ord_41627,2025-04-23,2025-04-21,159.34,cmp_7702,Tiktok,False,,False
ord_41628,2025-04-23,2025-04-21,203.18,cmp_9003,Google,False,,False
ord_41629,2025-04-23,2025-04-21,60.32,cmp_9003,Google,False,,False
ord_41630,2025-04-23,2025-04-21,35.9,cmp_8821,Meta,False,,False
ord_41631,2025-04-23,2025-04-21,161.14,cmp_9003,Google,True,,False
ord_41632,2025-04-23,2025-04-21,144.22,cmp_9001,Google,True,,False
ord_41633,2025-04-23,2025-04-21,180.04,cmp_7702,Tiktok,False,WELCOME10,False
ord_41634,2025-04-23,2025-04-21,53.38,cmp_8823,Meta,True,,False
ord_41635,2025-04-23,2025-04-21,114.57,cmp_9002,Google,True,,False
ord_41636,2025-04-23,2025-04-21,162.45,cmp_7701,Tiktok,True,,False
ord_41637,2025-04-23,2025-04-21,211.17,cmp_9002,Google,False,,False
ord_41638,2025-04-23,2025-04-21,64.37,cmp_8823,Meta,True,,False
ord_41639,2025-04-23,2025-04-21,85.78,cmp_8823,Meta,True,,False
ord_41640,2025-04-23,2025-04-21,111.46,cmp_8821,Meta,False,,False
ord_41641,2025-04-23,2025-04-21,200.03,cmp_7701,Tiktok,True,,False
ord_41642,2025-04-23,2025-04-21,129.42,cmp_8823,Meta,True,,False
ord_41643,2025-04-23,2025-04-21,154.41,cmp_9001,Google,False,WELCOME10,False
ord_41644,2025-04-23,2025-04-21,130.37,cmp_7702,Tiktok,False,WELCOME10,False
ord_41645,2025-04-23,2025-04-21,165.41,cmp_9001,Google,False,,False
ord_41646,2025-04-23,2025-04-21,91.02,cmp_9001,Google,False,,False
ord_41647,2025-04-23,2025-04-21,180.06,cmp_9002,Google,False,,False
ord_41648,2025-04-23,2025-04-21,175.29,cmp_7702,Tiktok,True,SPRING20,False
ord_41649,2025-04-23,2025-04-21,37.83,cmp_9001,Google,True,WELCOME10,False
ord_41650,2025-04-23,2025-04-21,92.28,cmp_8822,Meta,True,WELCOME10,False
ord_41651,2025-04-23,2025-04-21,148.6,cmp_9002,Google,True,SPRING20,False
ord_41652,2025-04-23,2025-04-21,109.09,cmp_7702,Tiktok,True,SPRING20,False
ord_41653,2025-04-23,2025-04-21,168.94,cmp_7701,Tiktok,False,,False
ord_41654,2025-04-23,2025-04-21,67.28,cmp_9002,Google,False,SPRING20,False
ord_41655,2025-04-23,2025-04-21,136.32,cmp_9001,Google,False,,False
ord_41656,2025-04-23,2025-04-21,85.15,cmp_9003,Google,True,,False
ord_41657,2025-04-23,2025-04-21,211.08,cmp_9002,Google,True,,False
ord_41658,2025-04-23,2025-04-21,42.41,,,True,,True
ord_41659,2025-04-23,2025-04-21,60.94,cmp_8821,Meta,True,,False
ord_41660,2025-04-24,2025-04-21,152.07,cmp_9001,Google,True,,False
ord_41661,2025-04-24,2025-04-21,195.46,cmp_8822,Meta,True,,False
ord_41662,2025-04-24,2025-04-21,178.81,cmp_7702,Tiktok,False,WELCOME10,False
ord_41663,2025-04-24,2025-04-21,173.32,cmp_9003,Google,False,WELCOME10,False
ord_41664,2025-04-24,2025-04-21,160.31,cmp_8822,Meta,True,WELCOME10,False
ord_41665,2025-04-24,2025-04-21,189.95,cmp_9001,Google,False,WELCOME10,False
ord_41666,2025-04-24,2025-04-21,134.68,,,False,SPRING20,True
ord_41667,2025-04-24,2025-04-21,91.4,cmp_7701,Tiktok,False,,False
ord_41668,2025-04-24,2025-04-21,103.71,cmp_8823,Meta,True,,False
ord_41669,2025-04-24,2025-04-21,47.42,cmp_7701,Tiktok,False,,False
ord_41670,2025-04-24,2025-04-21,120.48,cmp_8822,Meta,False,WELCOME10,False
ord_41671,2025-04-24,2025-04-21,103.83,cmp_8822,Meta,True,WELCOME10,False
ord_41672,2025-04-24,2025-04-21,106.3,cmp_9002,Google,False,,False
ord_41673,2025-04-24,2025-04-21,204.71,cmp_8821,Meta,True,,False
ord_41674,2025-04-24,2025-04-21,189.69,cmp_7701,Tiktok,False,SPRING20,False
ord_41675,2025-04-24,2025-04-21,192.25,cmp_7702,Tiktok,False,WELCOME10,False
ord_41676,2025-04-24,2025-04-21,199.21,cmp_9003,Google,True,,False
ord_41677,2025-04-24,2025-04-21,173.2,cmp_8823,Meta,False,SPRING20,False
ord_41678,2025-04-24,2025-04-21,128.96,cmp_8821,Meta,True,,False
ord_41679,2025-04-24,2025-04-21,86.11,,,False,WELCOME10,True
ord_41680,2025-04-24,2025-04-21,182.84,cmp_8822,Meta,False,,False
ord_41681,2025-04-24,2025-04-21,49.11,cmp_9001,Google,True,WELCOME10,False
ord_41682,2025-04-24,2025-04-21,51.33,cmp_9001,Google,False,SPRING20,False
ord_41683,2025-04-24,2025-04-21,205.82,cmp_8821,Meta,False,SPRING20,False
ord_41684,2025-04-24,2025-04-21,83.98,cmp_8823,Meta,True,,False
ord_41685,2025-04-24,2025-04-21,158.12,cmp_7701,Tiktok,False,WELCOME10,False
ord_41686,2025-04-24,2025-04-21,188.29,cmp_8823,Meta,False,,False
ord_41687,2025-04-24,2025-04-21,183.65,cmp_8822,Meta,False,SPRING20,False
ord_41688,2025-04-24,2025-04-21,188.89,,,True,WELCOME10,True
ord_41689,2025-04-24,2025-04-21,111.41,cmp_9001,Google,False,,False
ord_41690,2025-04-24,2025-04-21,152.98,cmp_8822,Meta,False,,False
ord_41691,2025-04-24,2025-04-21,129.79,cmp_7702,Tiktok,True,,False
ord_41692,2025-04-24,2025-04-21,192.58,cmp_8823,Meta,True,,False
ord_41693,2025-04-24,2025-04-21,165.22,cmp_8822,Meta,False,,False
ord_41694,2025-04-24,2025-04-21,90.58,cmp_8821,Meta,True,SPRING20,False
ord_41695,2025-04-24,2025-04-21,182.2,cmp_8823,Meta,True,,False
ord_41696,2025-04-24,2025-04-21,78.09,cmp_9001,Google,True,,False
ord_41697,2025-04-24,2025-04-21,116.11,cmp_9001,Google,True,,False
ord_41698,2025-04-24,2025-04-21,209.06,cmp_7701,Tiktok,False,,False
ord_41699,2025-04-24,2025-04-21,37.96,cmp_9002,Google,True,WELCOME10,False
ord_41700,2025-04-24,2025-04-21,133.69,cmp_9003,Google,False,SPRING20,False
ord_41701,2025-04-24,2025-04-21,175.67,cmp_7701,Tiktok,False,SPRING20,False
ord_41702,2025-04-24,2025-04-21,47.92,cmp_9002,Google,True,SPRING20,False
ord_41703,2025-04-24,2025-04-21,174.65,cmp_9003,Google,True,,False
ord_41704,2025-04-24,2025-04-21,79.98,cmp_8823,Meta,False,SPRING20,False
ord_41705,2025-04-24,2025-04-21,146.62,cmp_9002,Google,False,WELCOME10,False
ord_41706,2025-04-24,2025-04-21,196.8,cmp_8822,Meta,True,,False
ord_41707,2025-04-24,2025-04-21,176.43,cmp_8823,Meta,True,,False
ord_41708,2025-04-24,2025-04-21,213.08,cmp_9002,Google,False,,False
ord_41709,2025-04-24,2025-04-21,44.79,cmp_9003,Google,True,WELCOME10,False
ord_41710,2025-04-24,2025-04-21,130.51,cmp_9002,Google,True,WELCOME10,False
ord_41711,2025-04-24,2025-04-21,69.87,cmp_8821,Meta,True,,False
ord_41712,2025-04-24,2025-04-21,216.15,cmp_7702,Tiktok,False,,False
ord_41713,2025-04-24,2025-04-21,56.58,cmp_7701,Tiktok,True,SPRING20,False
ord_41714,2025-04-24,2025-04-21,118.13,cmp_9001,Google,False,,False
ord_41715,2025-04-24,2025-04-21,202.19,cmp_9001,Google,True,,False
ord_41716,2025-04-24,2025-04-21,175.57,cmp_9001,Google,True,,False
ord_41717,2025-04-24,2025-04-21,203.73,cmp_9001,Google,False,,False
ord_41718,2025-04-24,2025-04-21,98.02,cmp_9003,Google,False,,False
ord_41719,2025-04-24,2025-04-21,215.66,cmp_8823,Meta,True,SPRING20,False
ord_41720,2025-04-24,2025-04-21,58.72,cmp_9001,Google,False,,False
ord_41721,2025-04-24,2025-04-21,57.45,cmp_9003,Google,False,,False
ord_41722,2025-04-24,2025-04-21,72.48,cmp_7701,Tiktok,False,,False
ord_41723,2025-04-24,2025-04-21,37.84,cmp_7701,Tiktok,True,,False
ord_41724,2025-04-24,2025-04-21,77.35,cmp_7702,Tiktok,False,WELCOME10,False
ord_41725,2025-04-24,2025-04-21,165.49,cmp_7702,Tiktok,False,SPRING20,False
ord_41726,2025-04-24,2025-04-21,219.53,cmp_7702,Tiktok,True,,False
ord_41727,2025-04-24,2025-04-21,149.76,cmp_7702,Tiktok,True,,False
ord_41728,2025-04-24,2025-04-21,92.51,cmp_9002,Google,True,,False
ord_41729,2025-04-24,2025-04-21,89.01,cmp_9001,Google,False,WELCOME10,False
ord_41730,2025-04-24,2025-04-21,113.45,cmp_7702,Tiktok,True,WELCOME10,False
ord_41731,2025-04-24,2025-04-21,54.33,cmp_9003,Google,True,,False
ord_41732,2025-04-24,2025-04-21,194.0,cmp_8822,Meta,True,,False
ord_41733,2025-04-24,2025-04-21,89.26,cmp_8822,Meta,True,,False
ord_41734,2025-04-24,2025-04-21,74.63,cmp_7701,Tiktok,True,,False
ord_41735,2025-04-25,2025-04-21,129.27,cmp_7702,Tiktok,False,,False
ord_41736,2025-04-25,2025-04-21,140.02,cmp_7702,Tiktok,True,,False
ord_41737,2025-04-25,2025-04-21,53.0,cmp_8823,Meta,False,SPRING20,False
ord_41738,2025-04-25,2025-04-21,100.47,cmp_8823,Meta,False,,False
ord_41739,2025-04-25,2025-04-21,85.97,cmp_8822,Meta,True,WELCOME10,False
ord_41740,2025-04-25,2025-04-21,193.16,cmp_7701,Tiktok,False,WELCOME10,False
ord_41741,2025-04-25,2025-04-21,111.93,cmp_7701,Tiktok,True,,False
ord_41742,2025-04-25,2025-04-21,77.73,cmp_8821,Meta,True,WELCOME10,False
ord_41743,2025-04-25,2025-04-21,100.12,cmp_9001,Google,False,,False
ord_41744,2025-04-25,2025-04-21,217.3,cmp_7702,Tiktok,True,SPRING20,False
ord_41745,2025-04-25,2025-04-21,193.17,cmp_9003,Google,True,,False
ord_41746,2025-04-25,2025-04-21,139.73,cmp_9002,Google,False,,False
ord_41747,2025-04-25,2025-04-21,38.46,cmp_7701,Tiktok,True,,False
ord_41748,2025-04-25,2025-04-21,169.41,cmp_9003,Google,True,,False
ord_41749,2025-04-25,2025-04-21,154.15,cmp_8822,Meta,False,,False
ord_41750,2025-04-25,2025-04-21,45.01,cmp_8821,Meta,False,,False
ord_41751,2025-04-25,2025-04-21,180.62,cmp_8821,Meta,False,SPRING20,False
ord_41752,2025-04-25,2025-04-21,208.59,cmp_9001,Google,False,WELCOME10,False
ord_41753,2025-04-25,2025-04-21,79.77,cmp_8822,Meta,False,,False
ord_41754,2025-04-25,2025-04-21,183.49,cmp_8823,Meta,True,,False
ord_41755,2025-04-25,2025-04-21,96.31,cmp_7702,Tiktok,True,WELCOME10,False
ord_41756,2025-04-25,2025-04-21,85.68,cmp_7702,Tiktok,False,WELCOME10,False
ord_41757,2025-04-25,2025-04-21,130.22,cmp_9003,Google,False,WELCOME10,False
ord_41758,2025-04-25,2025-04-21,154.75,cmp_9001,Google,False,,False
ord_41759,2025-04-25,2025-04-21,177.19,cmp_8821,Meta,True,,False
ord_41760,2025-04-25,2025-04-21,65.19,cmp_8822,Meta,True,SPRING20,False
ord_41761,2025-04-25,2025-04-21,47.33,cmp_9003,Google,True,,False
ord_41762,2025-04-25,2025-04-21,141.3,cmp_8821,Meta,True,SPRING20,False
ord_41763,2025-04-25,2025-04-21,62.75,cmp_9002,Google,False,,False
ord_41764,2025-04-25,2025-04-21,118.97,cmp_9002,Google,False,,False
ord_41765,2025-04-25,2025-04-21,199.5,cmp_8822,Meta,True,,False
ord_41766,2025-04-25,2025-04-21,126.21,cmp_8821,Meta,True,,False
ord_41767,2025-04-25,2025-04-21,202.34,cmp_7701,Tiktok,True,SPRING20,False
ord_41768,2025-04-25,2025-04-21,89.01,cmp_7702,Tiktok,False,WELCOME10,False
ord_41769,2025-04-25,2025-04-21,206.41,cmp_7702,Tiktok,False,,False
ord_41770,2025-04-25,2025-04-21,168.98,cmp_8823,Meta,False,,False
ord_41771,2025-04-25,2025-04-21,38.71,cmp_8821,Meta,False,,False
ord_41772,2025-04-25,2025-04-21,116.76,cmp_8823,Meta,True,,False
ord_41773,2025-04-25,2025-04-21,199.5,cmp_8821,Meta,True,SPRING20,False
ord_41774,2025-04-25,2025-04-21,143.3,cmp_8823,Meta,True,,False
ord_41775,2025-04-25,2025-04-21,35.55,cmp_8822,Meta,False,SPRING20,False
ord_41776,2025-04-25,2025-04-21,89.1,cmp_9003,Google,True,,False
ord_41777,2025-04-25,2025-04-21,132.09,cmp_7701,Tiktok,True,,False
ord_41778,2025-04-25,2025-04-21,41.37,cmp_8821,Meta,False,,False
ord_41779,2025-04-25,2025-04-21,161.15,cmp_8821,Meta,False,,False
ord_41780,2025-04-25,2025-04-21,163.75,cmp_8822,Meta,True,SPRING20,False
ord_41781,2025-04-25,2025-04-21,161.97,cmp_7701,Tiktok,True,SPRING20,False
ord_41782,2025-04-25,2025-04-21,215.89,cmp_9003,Google,True,,False
ord_41783,2025-04-25,2025-04-21,85.75,cmp_9001,Google,False,,False
ord_41784,2025-04-25,2025-04-21,127.63,cmp_7701,Tiktok,False,,False
ord_41785,2025-04-25,2025-04-21,57.08,cmp_9003,Google,False,WELCOME10,False
ord_41786,2025-04-25,2025-04-21,36.99,cmp_8822,Meta,False,,False
ord_41787,2025-04-25,2025-04-21,121.57,cmp_7702,Tiktok,False,SPRING20,False
ord_41788,2025-04-25,2025-04-21,56.08,cmp_8822,Meta,False,,False
ord_41789,2025-04-25,2025-04-21,100.86,cmp_9001,Google,False,WELCOME10,False
ord_41790,2025-04-25,2025-04-21,216.81,,,True,WELCOME10,True
ord_41791,2025-04-25,2025-04-21,64.22,cmp_8823,Meta,True,,False
ord_41792,2025-04-25,2025-04-21,195.18,cmp_7701,Tiktok,True,,False
ord_41793,2025-04-25,2025-04-21,100.92,cmp_8823,Meta,True,WELCOME10,False
ord_41794,2025-04-25,2025-04-21,116.81,cmp_8822,Meta,False,WELCOME10,False
ord_41795,2025-04-25,2025-04-21,141.07,cmp_7702,Tiktok,True,WELCOME10,False
ord_41796,2025-04-25,2025-04-21,182.91,cmp_9003,Google,False,,False
ord_41797,2025-04-25,2025-04-21,63.63,cmp_8823,Meta,False,,False
ord_41798,2025-04-25,2025-04-21,73.68,cmp_8822,Meta,True,,False
ord_41799,2025-04-25,2025-04-21,145.88,cmp_8823,Meta,False,,False
ord_41800,2025-04-25,2025-04-21,117.2,cmp_9001,Google,False,SPRING20,False
ord_41801,2025-04-25,2025-04-21,56.74,cmp_7701,Tiktok,False,,False
ord_41802,2025-04-25,2025-04-21,55.74,cmp_7702,Tiktok,False,,False
ord_41803,2025-04-25,2025-04-21,126.93,cmp_8821,Meta,True,,False
ord_41804,2025-04-25,2025-04-21,109.12,cmp_7702,Tiktok,True,SPRING20,False
ord_41805,2025-04-25,2025-04-21,174.96,cmp_9003,Google,True,,False
ord_41806,2025-04-26,2025-04-21,49.12,cmp_8822,Meta,False,SPRING20,False
ord_41807,2025-04-26,2025-04-21,172.55,,,True,,True
ord_41808,2025-04-26,2025-04-21,56.29,cmp_9001,Google,False,,False
ord_41809,2025-04-26,2025-04-21,128.27,cmp_8822,Meta,False,,False
ord_41810,2025-04-26,2025-04-21,68.04,cmp_8822,Meta,False,WELCOME10,False
ord_41811,2025-04-26,2025-04-21,141.44,cmp_9003,Google,False,,False
ord_41812,2025-04-26,2025-04-21,97.11,cmp_7702,Tiktok,False,WELCOME10,False
ord_41813,2025-04-26,2025-04-21,132.37,cmp_8823,Meta,True,,False
ord_41814,2025-04-26,2025-04-21,147.85,cmp_8821,Meta,False,SPRING20,False
ord_41815,2025-04-26,2025-04-21,166.13,cmp_9003,Google,False,,False
ord_41816,2025-04-26,2025-04-21,157.12,cmp_9002,Google,True,SPRING20,False
ord_41817,2025-04-26,2025-04-21,126.36,cmp_8823,Meta,True,,False
ord_41818,2025-04-26,2025-04-21,123.21,cmp_9003,Google,True,SPRING20,False
ord_41819,2025-04-26,2025-04-21,107.09,cmp_9003,Google,True,,False
ord_41820,2025-04-26,2025-04-21,186.9,cmp_9003,Google,False,,False
ord_41821,2025-04-26,2025-04-21,48.64,cmp_8821,Meta,True,,False
ord_41822,2025-04-26,2025-04-21,166.55,cmp_8823,Meta,False,,False
ord_41823,2025-04-26,2025-04-21,167.78,cmp_8821,Meta,True,SPRING20,False
ord_41824,2025-04-26,2025-04-21,180.29,cmp_7701,Tiktok,False,SPRING20,False
ord_41825,2025-04-26,2025-04-21,154.8,cmp_9002,Google,True,SPRING20,False
ord_41826,2025-04-26,2025-04-21,158.12,cmp_8821,Meta,False,WELCOME10,False
ord_41827,2025-04-26,2025-04-21,215.46,cmp_8823,Meta,True,SPRING20,False
ord_41828,2025-04-26,2025-04-21,112.42,cmp_8823,Meta,True,,False
ord_41829,2025-04-26,2025-04-21,166.11,cmp_9003,Google,False,,False
ord_41830,2025-04-26,2025-04-21,136.2,cmp_9003,Google,False,,False
ord_41831,2025-04-26,2025-04-21,52.01,cmp_9001,Google,False,,False
ord_41832,2025-04-26,2025-04-21,142.47,cmp_8823,Meta,False,,False
ord_41833,2025-04-26,2025-04-21,68.94,cmp_8821,Meta,False,,False
ord_41834,2025-04-26,2025-04-21,38.72,cmp_9003,Google,True,SPRING20,False
ord_41835,2025-04-26,2025-04-21,36.67,cmp_9003,Google,True,,False
ord_41836,2025-04-26,2025-04-21,128.2,cmp_8823,Meta,False,,False
ord_41837,2025-04-26,2025-04-21,144.27,cmp_8823,Meta,False,SPRING20,False
ord_41838,2025-04-26,2025-04-21,36.57,cmp_9002,Google,False,,False
ord_41839,2025-04-26,2025-04-21,84.74,cmp_8823,Meta,True,,False
ord_41840,2025-04-26,2025-04-21,121.01,cmp_7701,Tiktok,False,,False
ord_41841,2025-04-26,2025-04-21,46.13,cmp_8822,Meta,True,SPRING20,False
ord_41842,2025-04-26,2025-04-21,35.27,cmp_7701,Tiktok,False,,False
ord_41843,2025-04-26,2025-04-21,125.17,cmp_7702,Tiktok,True,WELCOME10,False
ord_41844,2025-04-26,2025-04-21,180.83,cmp_9003,Google,True,WELCOME10,False
ord_41845,2025-04-26,2025-04-21,150.32,cmp_7701,Tiktok,False,,False
ord_41846,2025-04-26,2025-04-21,131.23,cmp_7702,Tiktok,False,SPRING20,False
ord_41847,2025-04-26,2025-04-21,73.64,cmp_9001,Google,True,SPRING20,False
ord_41848,2025-04-26,2025-04-21,42.86,cmp_7702,Tiktok,False,,False
ord_41849,2025-04-26,2025-04-21,132.37,cmp_7701,Tiktok,True,SPRING20,False
ord_41850,2025-04-26,2025-04-21,141.26,cmp_8823,Meta,False,WELCOME10,False
ord_41851,2025-04-26,2025-04-21,209.4,cmp_8823,Meta,False,,False
ord_41852,2025-04-26,2025-04-21,64.68,cmp_9001,Google,False,,False
ord_41853,2025-04-26,2025-04-21,94.82,cmp_9003,Google,False,,False
ord_41854,2025-04-26,2025-04-21,172.84,cmp_8821,Meta,True,,False
ord_41855,2025-04-26,2025-04-21,73.77,cmp_8821,Meta,False,,False
ord_41856,2025-04-26,2025-04-21,149.43,cmp_8823,Meta,False,,False
ord_41857,2025-04-26,2025-04-21,162.3,cmp_9002,Google,True,,False
ord_41858,2025-04-26,2025-04-21,193.67,cmp_7701,Tiktok,True,WELCOME10,False
ord_41859,2025-04-26,2025-04-21,72.83,cmp_7701,Tiktok,False,SPRING20,False
ord_41860,2025-04-26,2025-04-21,94.85,cmp_8823,Meta,False,SPRING20,False
ord_41861,2025-04-26,2025-04-21,160.34,cmp_9001,Google,True,SPRING20,False
ord_41862,2025-04-26,2025-04-21,51.19,cmp_7702,Tiktok,True,WELCOME10,False
ord_41863,2025-04-26,2025-04-21,177.3,cmp_8822,Meta,False,,False
ord_41864,2025-04-26,2025-04-21,215.0,cmp_9001,Google,False,WELCOME10,False
ord_41865,2025-04-26,2025-04-21,76.37,cmp_7702,Tiktok,False,,False
ord_41866,2025-04-26,2025-04-21,145.73,cmp_7702,Tiktok,True,SPRING20,False
ord_41867,2025-04-26,2025-04-21,91.11,cmp_7702,Tiktok,False,SPRING20,False
ord_41868,2025-04-26,2025-04-21,139.54,cmp_7701,Tiktok,False,,False
ord_41869,2025-04-26,2025-04-21,140.81,cmp_7702,Tiktok,True,,False
ord_41870,2025-04-26,2025-04-21,120.6,cmp_7701,Tiktok,False,SPRING20,False
ord_41871,2025-04-26,2025-04-21,152.01,cmp_8821,Meta,False,WELCOME10,False
ord_41872,2025-04-26,2025-04-21,94.6,cmp_7702,Tiktok,False,,False
ord_41873,2025-04-26,2025-04-21,119.2,cmp_9001,Google,False,,False
ord_41874,2025-04-26,2025-04-21,55.57,cmp_8822,Meta,True,SPRING20,False
ord_41875,2025-04-26,2025-04-21,133.71,cmp_8822,Meta,False,,False
ord_41876,2025-04-26,2025-04-21,38.06,cmp_7702,Tiktok,False,,False
ord_41877,2025-04-26,2025-04-21,54.34,cmp_8821,Meta,True,,False
ord_41878,2025-04-26,2025-04-21,146.79,cmp_8823,Meta,False,,False
ord_41879,2025-04-26,2025-04-21,211.06,cmp_9001,Google,True,WELCOME10,False
ord_41880,2025-04-26,2025-04-21,208.5,cmp_7702,Tiktok,True,,False
ord_41881,2025-04-26,2025-04-21,147.26,cmp_9002,Google,False,WELCOME10,False
ord_41882,2025-04-26,2025-04-21,207.14,cmp_7701,Tiktok,True,,False
ord_41883,2025-04-26,2025-04-21,137.99,cmp_8821,Meta,True,,False
ord_41884,2025-04-26,2025-04-21,164.26,cmp_9003,Google,False,,False
ord_41885,2025-04-26,2025-04-21,94.27,cmp_9002,Google,False,WELCOME10,False
ord_41886,2025-04-26,2025-04-21,137.29,cmp_8821,Meta,False,,False
ord_41887,2025-04-26,2025-04-21,106.11,cmp_7701,Tiktok,True,,False
ord_41888,2025-04-26,2025-04-21,68.5,cmp_8823,Meta,False,SPRING20,False
ord_41889,2025-04-26,2025-04-21,48.51,cmp_8821,Meta,True,,False
ord_41890,2025-04-26,2025-04-21,57.35,cmp_8822,Meta,False,,False
ord_41891,2025-04-26,2025-04-21,106.28,cmp_9002,Google,True,WELCOME10,False
ord_41892,2025-04-26,2025-04-21,210.88,cmp_9003,Google,False,WELCOME10,False
ord_41893,2025-04-26,2025-04-21,116.57,cmp_8823,Meta,False,,False
ord_41894,2025-04-27,2025-04-21,120.08,cmp_8823,Meta,True,,False
ord_41895,2025-04-27,2025-04-21,188.2,cmp_8822,Meta,True,SPRING20,False
ord_41896,2025-04-27,2025-04-21,70.19,cmp_7702,Tiktok,True,WELCOME10,False
ord_41897,2025-04-27,2025-04-21,157.5,,,True,,True
ord_41898,2025-04-27,2025-04-21,146.49,cmp_8823,Meta,False,,False
ord_41899,2025-04-27,2025-04-21,105.86,cmp_8821,Meta,True,WELCOME10,False
ord_41900,2025-04-27,2025-04-21,115.23,cmp_7701,Tiktok,False,WELCOME10,False
ord_41901,2025-04-27,2025-04-21,38.17,cmp_8821,Meta,True,WELCOME10,False
ord_41902,2025-04-27,2025-04-21,119.8,cmp_7702,Tiktok,True,WELCOME10,False
ord_41903,2025-04-27,2025-04-21,130.86,cmp_8821,Meta,False,,False
ord_41904,2025-04-27,2025-04-21,94.71,cmp_9001,Google,False,WELCOME10,False
ord_41905,2025-04-27,2025-04-21,175.83,cmp_9001,Google,True,WELCOME10,False
ord_41906,2025-04-27,2025-04-21,175.57,cmp_9001,Google,False,,False
ord_41907,2025-04-27,2025-04-21,136.14,cmp_9003,Google,True,WELCOME10,False
ord_41908,2025-04-27,2025-04-21,139.99,cmp_7702,Tiktok,True,WELCOME10,False
ord_41909,2025-04-27,2025-04-21,151.66,cmp_8821,Meta,True,,False
ord_41910,2025-04-27,2025-04-21,90.9,cmp_7701,Tiktok,True,WELCOME10,False
ord_41911,2025-04-27,2025-04-21,143.06,cmp_9001,Google,True,SPRING20,False
ord_41912,2025-04-27,2025-04-21,177.46,cmp_9001,Google,False,,False
ord_41913,2025-04-27,2025-04-21,144.63,cmp_9001,Google,False,SPRING20,False
ord_41914,2025-04-27,2025-04-21,54.15,cmp_9003,Google,True,,False
ord_41915,2025-04-27,2025-04-21,111.55,cmp_9001,Google,False,WELCOME10,False
ord_41916,2025-04-27,2025-04-21,105.19,cmp_8822,Meta,True,SPRING20,False
ord_41917,2025-04-27,2025-04-21,48.26,cmp_9002,Google,True,WELCOME10,False
ord_41918,2025-04-27,2025-04-21,38.89,cmp_9003,Google,True,,False
ord_41919,2025-04-27,2025-04-21,148.52,cmp_8821,Meta,False,,False
ord_41920,2025-04-27,2025-04-21,56.97,cmp_7701,Tiktok,False,,False
ord_41921,2025-04-27,2025-04-21,152.95,cmp_7701,Tiktok,False,,False
ord_41922,2025-04-27,2025-04-21,98.93,cmp_9001,Google,False,SPRING20,False
ord_41923,2025-04-27,2025-04-21,102.77,cmp_9001,Google,True,,False
ord_41924,2025-04-27,2025-04-21,171.12,cmp_9002,Google,False,,False
ord_41925,2025-04-27,2025-04-21,81.19,cmp_8823,Meta,True,WELCOME10,False
ord_41926,2025-04-27,2025-04-21,81.92,cmp_9002,Google,False,,False
ord_41927,2025-04-27,2025-04-21,212.93,cmp_9001,Google,True,SPRING20,False
ord_41928,2025-04-27,2025-04-21,106.44,cmp_7702,Tiktok,True,,False
ord_41929,2025-04-27,2025-04-21,185.12,cmp_7702,Tiktok,True,,False
ord_41930,2025-04-27,2025-04-21,102.68,cmp_8822,Meta,False,WELCOME10,False
ord_41931,2025-04-27,2025-04-21,194.5,cmp_8822,Meta,True,SPRING20,False
ord_41932,2025-04-27,2025-04-21,152.04,cmp_7701,Tiktok,False,,False
ord_41933,2025-04-27,2025-04-21,61.31,cmp_7701,Tiktok,True,,False
ord_41934,2025-04-27,2025-04-21,48.34,cmp_9003,Google,True,WELCOME10,False
ord_41935,2025-04-27,2025-04-21,46.71,cmp_8821,Meta,True,,False
ord_41936,2025-04-27,2025-04-21,161.96,cmp_9002,Google,True,,False
ord_41937,2025-04-27,2025-04-21,199.35,cmp_8822,Meta,False,,False
ord_41938,2025-04-27,2025-04-21,133.86,cmp_7702,Tiktok,False,,False
ord_41939,2025-04-27,2025-04-21,79.77,cmp_7702,Tiktok,True,,False
ord_41940,2025-04-27,2025-04-21,193.78,cmp_9002,Google,True,,False
ord_41941,2025-04-27,2025-04-21,177.82,cmp_9001,Google,False,SPRING20,False
ord_41942,2025-04-27,2025-04-21,106.34,cmp_7702,Tiktok,True,,False
ord_41943,2025-04-27,2025-04-21,128.5,cmp_7701,Tiktok,True,WELCOME10,False
ord_41944,2025-04-27,2025-04-21,78.88,cmp_8822,Meta,False,WELCOME10,False
ord_41945,2025-04-27,2025-04-21,141.73,cmp_9002,Google,False,SPRING20,False
ord_41946,2025-04-27,2025-04-21,58.01,cmp_9003,Google,False,WELCOME10,False
ord_41947,2025-04-27,2025-04-21,35.42,cmp_8823,Meta,True,WELCOME10,False
ord_41948,2025-04-27,2025-04-21,111.39,cmp_9003,Google,False,WELCOME10,False
ord_41949,2025-04-27,2025-04-21,113.59,cmp_7702,Tiktok,True,,False
ord_41950,2025-04-27,2025-04-21,172.97,cmp_7701,Tiktok,False,,False
ord_41951,2025-04-27,2025-04-21,205.68,cmp_7701,Tiktok,False,,False
ord_41952,2025-04-27,2025-04-21,213.67,cmp_8823,Meta,False,SPRING20,False
ord_41953,2025-04-27,2025-04-21,180.47,cmp_8821,Meta,False,,False
ord_41954,2025-04-27,2025-04-21,163.87,cmp_9001,Google,True,,False
ord_41955,2025-04-27,2025-04-21,163.59,cmp_8822,Meta,True,WELCOME10,False
ord_41956,2025-04-27,2025-04-21,195.49,cmp_7701,Tiktok,True,,False
ord_41957,2025-04-28,2025-04-28,134.29,cmp_7702,Tiktok,False,,False
ord_41958,2025-04-28,2025-04-28,156.47,cmp_7702,Tiktok,False,WELCOME10,False
ord_41959,2025-04-28,2025-04-28,60.88,cmp_9003,Google,False,,False
ord_41960,2025-04-28,2025-04-28,115.01,cmp_7702,Tiktok,True,,False
ord_41961,2025-04-28,2025-04-28,158.57,cmp_8823,Meta,True,,False
ord_41962,2025-04-28,2025-04-28,56.31,cmp_9001,Google,False,,False
ord_41963,2025-04-28,2025-04-28,135.55,,,True,SPRING20,True
ord_41964,2025-04-28,2025-04-28,219.92,cmp_8822,Meta,True,,False
ord_41965,2025-04-28,2025-04-28,163.06,cmp_9001,Google,True,WELCOME10,False
ord_41966,2025-04-28,2025-04-28,65.19,cmp_8822,Meta,False,WELCOME10,False
ord_41967,2025-04-28,2025-04-28,131.98,cmp_9003,Google,True,WELCOME10,False
ord_41968,2025-04-28,2025-04-28,73.72,cmp_9002,Google,False,SPRING20,False
ord_41969,2025-04-28,2025-04-28,218.82,cmp_9003,Google,True,,False
ord_41970,2025-04-28,2025-04-28,105.95,cmp_8823,Meta,False,,False
ord_41971,2025-04-28,2025-04-28,113.12,cmp_8823,Meta,True,SPRING20,False
ord_41972,2025-04-28,2025-04-28,67.71,cmp_9003,Google,True,,False
ord_41973,2025-04-28,2025-04-28,164.1,cmp_8823,Meta,False,SPRING20,False
ord_41974,2025-04-28,2025-04-28,112.16,cmp_7702,Tiktok,False,,False
ord_41975,2025-04-28,2025-04-28,95.21,cmp_7702,Tiktok,False,,False
ord_41976,2025-04-28,2025-04-28,151.88,cmp_7701,Tiktok,False,SPRING20,False
ord_41977,2025-04-28,2025-04-28,125.31,cmp_9003,Google,False,,False
ord_41978,2025-04-28,2025-04-28,122.38,cmp_7702,Tiktok,False,,False
ord_41979,2025-04-28,2025-04-28,105.85,cmp_8821,Meta,False,,False
ord_41980,2025-04-28,2025-04-28,218.88,cmp_7702,Tiktok,True,,False
ord_41981,2025-04-28,2025-04-28,196.73,cmp_9002,Google,False,,False
ord_41982,2025-04-28,2025-04-28,205.69,cmp_8823,Meta,False,,False
ord_41983,2025-04-28,2025-04-28,39.01,cmp_7701,Tiktok,True,WELCOME10,False
ord_41984,2025-04-28,2025-04-28,53.43,cmp_8822,Meta,True,SPRING20,False
ord_41985,2025-04-28,2025-04-28,44.7,cmp_7702,Tiktok,False,SPRING20,False
ord_41986,2025-04-28,2025-04-28,35.86,cmp_9002,Google,True,,False
ord_41987,2025-04-28,2025-04-28,163.05,cmp_9003,Google,True,,False
ord_41988,2025-04-28,2025-04-28,129.58,cmp_8823,Meta,True,,False
ord_41989,2025-04-28,2025-04-28,129.44,cmp_8823,Meta,False,WELCOME10,False
ord_41990,2025-04-28,2025-04-28,77.16,cmp_9002,Google,True,,False
ord_41991,2025-04-28,2025-04-28,117.55,cmp_8822,Meta,False,SPRING20,False
ord_41992,2025-04-28,2025-04-28,134.09,cmp_9001,Google,False,,False
ord_41993,2025-04-28,2025-04-28,40.69,cmp_9003,Google,True,,False
ord_41994,2025-04-28,2025-04-28,167.89,cmp_7701,Tiktok,True,,False
ord_41995,2025-04-28,2025-04-28,151.73,cmp_9001,Google,False,WELCOME10,False
ord_41996,2025-04-28,2025-04-28,118.79,cmp_8823,Meta,True,,False
ord_41997,2025-04-28,2025-04-28,121.16,cmp_8821,Meta,True,,False
ord_41998,2025-04-28,2025-04-28,118.36,cmp_7702,Tiktok,True,SPRING20,False
ord_41999,2025-04-28,2025-04-28,37.0,cmp_8822,Meta,False,,False
ord_42000,2025-04-27,2025-04-21,74.19,cmp_9001,Google,False,WELCOME10,False
ord_42001,2025-04-27,2025-04-21,65.51,cmp_7702,Tiktok,False,,False
ord_42002,2025-04-27,2025-04-21,157.96,cmp_7701,Tiktok,False,SPRING20,False
ord_42003,2025-04-27,2025-04-21,204.47,cmp_9002,Google,True,SPRING20,False
ord_42004,2025-04-27,2025-04-21,214.76,cmp_9003,Google,False,,False
ord_42005,2025-04-27,2025-04-21,41.58,cmp_8821,Meta,True,,False
ord_42006,2025-04-27,2025-04-21,195.04,cmp_7702,Tiktok,False,SPRING20,False
ord_42007,2025-04-27,2025-04-21,165.18,cmp_9003,Google,True,WELCOME10,False
ord_42008,2025-04-27,2025-04-21,82.08,cmp_8823,Meta,False,SPRING20,False
ord_42009,2025-04-27,2025-04-21,142.37,cmp_9003,Google,True,SPRING20,False
ord_42010,2025-04-27,2025-04-21,70.89,cmp_9002,Google,False,,False
ord_42011,2025-04-27,2025-04-21,139.78,cmp_7701,Tiktok,True,WELCOME10,False
ord_42012,2025-04-27,2025-04-21,49.81,cmp_7701,Tiktok,True,,False
ord_42013,2025-04-27,2025-04-21,79.13,cmp_9003,Google,False,,False
ord_42014,2025-04-27,2025-04-21,53.77,cmp_8822,Meta,True,,False
ord_42015,2025-04-27,2025-04-21,148.23,cmp_8823,Meta,True,,False
ord_42016,2025-04-27,2025-04-21,67.99,cmp_9003,Google,True,SPRING20,False
ord_42017,2025-04-27,2025-04-21,196.26,cmp_7702,Tiktok,False,,False
ord_42018,2025-04-27,2025-04-21,184.73,,,False,,True
ord_42019,2025-04-27,2025-04-21,117.54,cmp_8822,Meta,False,,False
ord_42020,2025-04-27,2025-04-21,178.99,cmp_8821,Meta,True,,False
ord_42021,2025-04-27,2025-04-21,177.8,cmp_7701,Tiktok,True,,False
ord_42022,2025-04-27,2025-04-21,205.78,cmp_9001,Google,True,WELCOME10,False
ord_42023,2025-04-27,2025-04-21,156.27,cmp_9002,Google,False,WELCOME10,False
ord_42024,2025-04-27,2025-04-21,171.48,cmp_7701,Tiktok,False,,False
ord_42025,2025-04-27,2025-04-21,155.78,cmp_9003,Google,False,WELCOME10,False
ord_42026,2025-04-27,2025-04-21,45.31,cmp_9002,Google,True,SPRING20,False
ord_42027,2025-04-27,2025-04-21,194.94,cmp_7702,Tiktok,True,,False
ord_42028,2025-04-27,2025-04-21,101.85,cmp_8822,Meta,False,,False
ord_42029,2025-04-27,2025-04-21,67.0,cmp_7701,Tiktok,False,SPRING20,False
ord_42030,2025-04-27,2025-04-21,142.23,cmp_8822,Meta,False,SPRING20,False
ord_42031,2025-04-27,2025-04-21,101.07,cmp_9001,Google,True,WELCOME10,False
ord_42032,2025-04-27,2025-04-21,83.77,cmp_9003,Google,False,SPRING20,False
ord_42033,2025-04-27,2025-04-21,60.63,cmp_9001,Google,False,,False
ord_42034,2025-04-27,2025-04-21,205.46,cmp_7701,Tiktok,True,,False
ord_42035,2025-04-27,2025-04-21,67.66,cmp_9002,Google,False,,False
ord_42036,2025-04-27,2025-04-21,140.56,cmp_8823,Meta,True,,False
ord_42037,2025-04-27,2025-04-21,188.91,cmp_9003,Google,True,,False
ord_42038,2025-04-27,2025-04-21,200.16,cmp_7701,Tiktok,False,,False
ord_42039,2025-04-27,2025-04-21,145.24,cmp_7701,Tiktok,False,,False
ord_42040,2025-04-27,2025-04-21,185.05,cmp_8822,Meta,True,,False
ord_42041,2025-04-27,2025-04-21,198.64,cmp_8822,Meta,True,,False
ord_42042,2025-04-27,2025-04-21,198.1,cmp_7702,Tiktok,False,SPRING20,False
ord_42043,2025-04-27,2025-04-21,213.65,cmp_8822,Meta,True,WELCOME10,False
ord_42044,2025-04-27,2025-04-21,80.28,cmp_9003,Google,False,,False
ord_42045,2025-04-27,2025-04-21,125.42,cmp_9001,Google,False,WELCOME10,False
ord_42046,2025-04-27,2025-04-21,53.4,cmp_8823,Meta,False,,False
ord_42047,2025-04-27,2025-04-21,169.45,cmp_8823,Meta,True,,False
ord_42048,2025-04-27,2025-04-21,66.77,cmp_9001,Google,False,,False
ord_42049,2025-04-27,2025-04-21,60.42,cmp_7701,Tiktok,False,,False
ord_42050,2025-04-27,2025-04-21,218.6,cmp_9001,Google,False,,False
ord_42051,2025-04-27,2025-04-21,47.61,cmp_8821,Meta,False,,False
ord_42052,2025-04-27,2025-04-21,192.59,cmp_9003,Google,False,WELCOME10,False
ord_42053,2025-04-27,2025-04-21,144.59,cmp_7702,Tiktok,True,,False
ord_42054,2025-04-27,2025-04-21,128.89,cmp_8821,Meta,False,WELCOME10,False
ord_42055,2025-04-27,2025-04-21,116.36,cmp_7702,Tiktok,True,,False
ord_42056,2025-04-27,2025-04-21,53.88,cmp_7702,Tiktok,False,SPRING20,False
ord_42057,2025-04-27,2025-04-21,125.21,cmp_7701,Tiktok,True,WELCOME10,False
ord_42058,2025-04-27,2025-04-21,75.66,cmp_7701,Tiktok,False,,False
ord_42059,2025-04-27,2025-04-21,137.24,cmp_7701,Tiktok,True,SPRING20,False
ord_42060,2025-04-27,2025-04-21,175.77,cmp_8821,Meta,True,SPRING20,False
ord_42061,2025-04-27,2025-04-21,110.02,cmp_7702,Tiktok,True,,False
ord_42062,2025-04-27,2025-04-21,216.34,cmp_7702,Tiktok,True,SPRING20,False
ord_42063,2025-04-27,2025-04-21,39.42,cmp_7702,Tiktok,True,WELCOME10,False
ord_42064,2025-04-27,2025-04-21,50.39,cmp_8823,Meta,True,,False
ord_42065,2025-04-27,2025-04-21,177.71,cmp_9001,Google,False,SPRING20,False
ord_42066,2025-04-27,2025-04-21,50.5,cmp_9002,Google,False,SPRING20,False
ord_42067,2025-04-27,2025-04-21,60.04,cmp_7701,Tiktok,True,,False
ord_42068,2025-04-27,2025-04-21,39.15,cmp_8823,Meta,False,WELCOME10,False
ord_42069,2025-04-27,2025-04-21,208.15,cmp_9002,Google,True,,False
ord_42070,2025-04-27,2025-04-21,59.52,cmp_8822,Meta,False,,False
ord_42071,2025-04-28,2025-04-28,133.77,cmp_9001,Google,False,SPRING20,False
ord_42072,2025-04-28,2025-04-28,103.84,cmp_8822,Meta,True,SPRING20,False
ord_42073,2025-04-28,2025-04-28,117.69,cmp_8821,Meta,True,,False
ord_42074,2025-04-28,2025-04-28,171.88,cmp_7701,Tiktok,True,,False
ord_42075,2025-04-28,2025-04-28,210.24,cmp_7702,Tiktok,True,SPRING20,False
ord_42076,2025-04-28,2025-04-28,170.34,cmp_9003,Google,True,,False
ord_42077,2025-04-28,2025-04-28,98.22,cmp_8822,Meta,True,,False
ord_42078,2025-04-28,2025-04-28,206.24,cmp_7701,Tiktok,True,SPRING20,False
ord_42079,2025-04-28,2025-04-28,92.02,cmp_8822,Meta,False,WELCOME10,False
ord_42080,2025-04-28,2025-04-28,170.69,cmp_9003,Google,True,WELCOME10,False
ord_42081,2025-04-28,2025-04-28,35.99,cmp_8821,Meta,False,,False
ord_42082,2025-04-28,2025-04-28,102.83,cmp_8823,Meta,False,WELCOME10,False
ord_42083,2025-04-28,2025-04-28,44.51,cmp_7702,Tiktok,False,,False
ord_42084,2025-04-28,2025-04-28,154.2,cmp_7702,Tiktok,False,WELCOME10,False
ord_42085,2025-04-28,2025-04-28,173.05,cmp_8821,Meta,True,,False
ord_42086,2025-04-28,2025-04-28,53.23,cmp_8822,Meta,True,SPRING20,False
ord_42087,2025-04-28,2025-04-28,148.17,cmp_7701,Tiktok,False,WELCOME10,False
ord_42088,2025-04-28,2025-04-28,50.07,cmp_9001,Google,True,,False
ord_42089,2025-04-28,2025-04-28,127.41,cmp_7702,Tiktok,False,WELCOME10,False
ord_42090,2025-04-28,2025-04-28,145.9,cmp_8821,Meta,False,,False
ord_42091,2025-04-28,2025-04-28,76.13,cmp_7701,Tiktok,False,WELCOME10,False
ord_42092,2025-04-28,2025-04-28,106.95,cmp_8822,Meta,True,,False
ord_42093,2025-04-28,2025-04-28,182.72,cmp_9003,Google,True,,False
ord_42094,2025-04-28,2025-04-28,209.84,cmp_8821,Meta,True,,False
ord_42095,2025-04-28,2025-04-28,131.46,cmp_9003,Google,False,,False
ord_42096,2025-04-28,2025-04-28,133.85,cmp_8821,Meta,True,,False
ord_42097,2025-04-28,2025-04-28,133.59,cmp_8821,Meta,False,,False
ord_42098,2025-04-28,2025-04-28,46.75,cmp_8822,Meta,True,,False
ord_42099,2025-04-28,2025-04-28,43.44,cmp_8822,Meta,False,WELCOME10,False
ord_42100,2025-04-28,2025-04-28,198.44,cmp_8823,Meta,True,,False
ord_42101,2025-04-28,2025-04-28,37.98,cmp_9001,Google,True,,False
ord_42102,2025-04-28,2025-04-28,41.79,cmp_8821,Meta,True,,False
ord_42103,2025-04-28,2025-04-28,62.53,cmp_9001,Google,True,,False
ord_42104,2025-04-28,2025-04-28,179.4,cmp_7702,Tiktok,False,WELCOME10,False
ord_42105,2025-04-28,2025-04-28,110.62,cmp_7701,Tiktok,False,,False
ord_42106,2025-04-28,2025-04-28,104.8,cmp_7701,Tiktok,False,,False
ord_42107,2025-04-28,2025-04-28,70.65,cmp_9003,Google,False,,False
ord_42108,2025-04-28,2025-04-28,194.67,cmp_9002,Google,True,,False
ord_42109,2025-04-28,2025-04-28,103.12,cmp_7702,Tiktok,False,,False
ord_42110,2025-04-28,2025-04-28,62.53,cmp_7702,Tiktok,False,,False
ord_42111,2025-04-28,2025-04-28,73.58,cmp_8822,Meta,False,,False
ord_42112,2025-04-28,2025-04-28,183.46,cmp_8821,Meta,False,,False
ord_42113,2025-04-28,2025-04-28,169.23,cmp_9003,Google,False,,False
ord_42114,2025-04-28,2025-04-28,53.41,cmp_7701,Tiktok,False,,False
ord_42115,2025-04-28,2025-04-28,55.36,cmp_8822,Meta,False,WELCOME10,False
ord_42116,2025-04-28,2025-04-28,71.08,cmp_7701,Tiktok,False,SPRING20,False
ord_42117,2025-04-28,2025-04-28,40.77,cmp_7702,Tiktok,True,,False
ord_42118,2025-04-28,2025-04-28,205.55,cmp_9002,Google,False,SPRING20,False
ord_42119,2025-04-28,2025-04-28,82.02,cmp_8822,Meta,False,,False
ord_42120,2025-04-28,2025-04-28,105.1,cmp_8823,Meta,False,,False
ord_42121,2025-04-28,2025-04-28,139.78,cmp_9002,Google,False,SPRING20,False
ord_42122,2025-04-28,2025-04-28,47.97,cmp_9003,Google,False,,False
ord_42123,2025-04-28,2025-04-28,154.15,cmp_8821,Meta,True,WELCOME10,False
ord_42124,2025-04-28,2025-04-28,59.44,cmp_7702,Tiktok,True,,False
ord_42125,2025-04-28,2025-04-28,83.37,cmp_7701,Tiktok,False,,False
ord_42126,2025-04-28,2025-04-28,75.93,cmp_9002,Google,False,WELCOME10,False
ord_42127,2025-04-28,2025-04-28,218.91,cmp_9002,Google,False,SPRING20,False
ord_42128,2025-04-28,2025-04-28,177.68,cmp_8821,Meta,True,,False
ord_42129,2025-04-28,2025-04-28,54.98,cmp_9001,Google,True,,False
ord_42130,2025-04-28,2025-04-28,44.97,cmp_9002,Google,False,WELCOME10,False
ord_42131,2025-04-28,2025-04-28,145.44,cmp_8821,Meta,False,,False
ord_42132,2025-04-28,2025-04-28,210.32,cmp_8823,Meta,True,SPRING20,False
ord_42133,2025-04-28,2025-04-28,128.34,cmp_7702,Tiktok,True,,False
ord_42134,2025-04-28,2025-04-28,202.35,cmp_8823,Meta,True,WELCOME10,False
ord_42135,2025-04-29,2025-04-28,159.64,,,True,,True
ord_42136,2025-04-29,2025-04-28,216.95,cmp_9002,Google,True,,False
ord_42137,2025-04-29,2025-04-28,122.93,cmp_9002,Google,False,SPRING20,False
ord_42138,2025-04-29,2025-04-28,159.75,cmp_8823,Meta,False,,False
ord_42139,2025-04-29,2025-04-28,174.28,cmp_8823,Meta,True,,False
ord_42140,2025-04-29,2025-04-28,58.31,cmp_9001,Google,False,SPRING20,False
ord_42141,2025-04-29,2025-04-28,100.77,cmp_9003,Google,True,SPRING20,False
ord_42142,2025-04-29,2025-04-28,100.4,cmp_7701,Tiktok,False,,False
ord_42143,2025-04-29,2025-04-28,45.03,cmp_9002,Google,False,WELCOME10,False
ord_42144,2025-04-29,2025-04-28,141.12,cmp_7702,Tiktok,False,SPRING20,False
ord_42145,2025-04-29,2025-04-28,142.55,cmp_9002,Google,True,,False
ord_42146,2025-04-29,2025-04-28,178.98,cmp_9002,Google,False,SPRING20,False
ord_42147,2025-04-29,2025-04-28,135.65,cmp_8822,Meta,True,WELCOME10,False
ord_42148,2025-04-29,2025-04-28,45.67,cmp_7702,Tiktok,False,WELCOME10,False
ord_42149,2025-04-29,2025-04-28,136.64,cmp_9003,Google,True,WELCOME10,False
ord_42150,2025-04-29,2025-04-28,201.43,cmp_8822,Meta,False,,False
ord_42151,2025-04-29,2025-04-28,198.63,cmp_8823,Meta,False,,False
ord_42152,2025-04-29,2025-04-28,153.87,cmp_9001,Google,False,,False
ord_42153,2025-04-29,2025-04-28,94.59,cmp_9001,Google,False,,False
ord_42154,2025-04-29,2025-04-28,71.67,cmp_9003,Google,False,,False
ord_42155,2025-04-29,2025-04-28,66.44,cmp_8821,Meta,False,,False
ord_42156,2025-04-29,2025-04-28,155.36,cmp_7701,Tiktok,False,,False
ord_42157,2025-04-29,2025-04-28,186.32,cmp_9003,Google,True,,False
ord_42158,2025-04-29,2025-04-28,186.73,cmp_8821,Meta,False,,False
ord_42159,2025-04-29,2025-04-28,122.75,cmp_9002,Google,False,,False
ord_42160,2025-04-29,2025-04-28,112.16,cmp_9003,Google,True,SPRING20,False
ord_42161,2025-04-29,2025-04-28,62.34,cmp_8823,Meta,True,SPRING20,False
ord_42162,2025-04-29,2025-04-28,214.53,cmp_7701,Tiktok,False,SPRING20,False
ord_42163,2025-04-29,2025-04-28,45.7,cmp_8823,Meta,False,,False
ord_42164,2025-04-29,2025-04-28,204.23,cmp_9002,Google,False,,False
ord_42165,2025-04-29,2025-04-28,159.47,cmp_8823,Meta,True,,False
ord_42166,2025-04-29,2025-04-28,109.81,cmp_9002,Google,True,,False
ord_42167,2025-04-29,2025-04-28,94.08,cmp_9002,Google,False,SPRING20,False
ord_42168,2025-04-29,2025-04-28,122.36,cmp_8823,Meta,True,SPRING20,False
ord_42169,2025-04-29,2025-04-28,85.79,cmp_9003,Google,False,WELCOME10,False
ord_42170,2025-04-29,2025-04-28,71.47,cmp_7702,Tiktok,True,WELCOME10,False
ord_42171,2025-04-29,2025-04-28,77.22,cmp_9001,Google,True,,False
ord_42172,2025-04-29,2025-04-28,38.27,cmp_8821,Meta,True,WELCOME10,False
ord_42173,2025-04-29,2025-04-28,108.1,cmp_8822,Meta,False,,False
ord_42174,2025-04-29,2025-04-28,137.46,cmp_7702,Tiktok,False,WELCOME10,False
ord_42175,2025-04-29,2025-04-28,160.78,cmp_9003,Google,True,WELCOME10,False
ord_42176,2025-04-29,2025-04-28,128.9,cmp_9001,Google,False,,False
ord_42177,2025-04-29,2025-04-28,104.01,cmp_9003,Google,False,,False
ord_42178,2025-04-29,2025-04-28,181.86,cmp_7702,Tiktok,True,WELCOME10,False
ord_42179,2025-04-29,2025-04-28,47.27,cmp_8822,Meta,True,SPRING20,False
ord_42180,2025-04-29,2025-04-28,199.54,cmp_8823,Meta,True,SPRING20,False
ord_42181,2025-04-29,2025-04-28,132.59,cmp_9002,Google,False,,False
ord_42182,2025-04-29,2025-04-28,61.08,cmp_7702,Tiktok,True,,False
ord_42183,2025-04-29,2025-04-28,53.07,cmp_8822,Meta,True,,False
ord_42184,2025-04-29,2025-04-28,58.9,cmp_9003,Google,False,,False
ord_42185,2025-04-29,2025-04-28,125.72,cmp_8823,Meta,False,WELCOME10,False
ord_42186,2025-04-29,2025-04-28,191.09,cmp_7702,Tiktok,True,WELCOME10,False
ord_42187,2025-04-29,2025-04-28,203.99,cmp_9003,Google,True,,False
ord_42188,2025-04-29,2025-04-28,120.38,cmp_7702,Tiktok,False,WELCOME10,False
ord_42189,2025-04-29,2025-04-28,103.87,cmp_8821,Meta,False,,False
ord_42190,2025-04-29,2025-04-28,166.34,cmp_8822,Meta,True,,False
ord_42191,2025-04-29,2025-04-28,65.36,cmp_9003,Google,False,,False
ord_42192,2025-04-29,2025-04-28,123.32,cmp_9003,Google,False,,False
ord_42193,2025-04-29,2025-04-28,150.2,cmp_8821,Meta,True,WELCOME10,False
ord_42194,2025-04-29,2025-04-28,125.46,cmp_8822,Meta,True,WELCOME10,False
ord_42195,2025-04-29,2025-04-28,133.68,cmp_7702,Tiktok,True,,False
ord_42196,2025-04-29,2025-04-28,192.27,cmp_8821,Meta,True,,False
ord_42197,2025-04-29,2025-04-28,183.78,cmp_8821,Meta,True,SPRING20,False
ord_42198,2025-04-29,2025-04-28,165.64,cmp_8823,Meta,False,WELCOME10,False
ord_42199,2025-04-29,2025-04-28,37.06,cmp_7701,Tiktok,False,,False
ord_42200,2025-04-29,2025-04-28,184.35,cmp_7701,Tiktok,False,,False
ord_42201,2025-04-29,2025-04-28,188.7,cmp_9002,Google,True,,False
ord_42202,2025-04-29,2025-04-28,200.8,cmp_8822,Meta,True,,False
ord_42203,2025-04-29,2025-04-28,117.94,cmp_9001,Google,False,,False
ord_42204,2025-04-29,2025-04-28,38.94,cmp_9001,Google,False,SPRING20,False
ord_42205,2025-04-30,2025-04-28,168.6,cmp_9001,Google,True,SPRING20,False
ord_42206,2025-04-30,2025-04-28,49.85,cmp_7701,Tiktok,False,WELCOME10,False
ord_42207,2025-04-30,2025-04-28,47.47,cmp_9002,Google,True,,False
ord_42208,2025-04-30,2025-04-28,158.52,cmp_7702,Tiktok,True,,False
ord_42209,2025-04-30,2025-04-28,196.32,cmp_8821,Meta,True,WELCOME10,False
ord_42210,2025-04-30,2025-04-28,193.11,cmp_8822,Meta,False,,False
ord_42211,2025-04-30,2025-04-28,191.27,cmp_8823,Meta,True,,False
ord_42212,2025-04-30,2025-04-28,120.0,cmp_9002,Google,True,WELCOME10,False
ord_42213,2025-04-30,2025-04-28,132.36,cmp_7701,Tiktok,False,WELCOME10,False
ord_42214,2025-04-30,2025-04-28,62.49,cmp_9001,Google,True,SPRING20,False
ord_42215,2025-04-30,2025-04-28,80.54,cmp_9002,Google,False,WELCOME10,False
ord_42216,2025-04-30,2025-04-28,129.14,cmp_8823,Meta,True,,False
ord_42217,2025-04-30,2025-04-28,106.48,cmp_9003,Google,True,,False
ord_42218,2025-04-30,2025-04-28,206.34,cmp_7701,Tiktok,True,WELCOME10,False
ord_42219,2025-04-30,2025-04-28,38.84,cmp_9001,Google,True,,False
ord_42220,2025-04-30,2025-04-28,214.55,cmp_9003,Google,True,SPRING20,False
ord_42221,2025-04-30,2025-04-28,186.44,cmp_7701,Tiktok,True,SPRING20,False
ord_42222,2025-04-30,2025-04-28,157.03,cmp_8823,Meta,True,SPRING20,False
ord_42223,2025-04-30,2025-04-28,215.88,cmp_8822,Meta,False,,False
ord_42224,2025-04-30,2025-04-28,211.2,cmp_9003,Google,False,,False
ord_42225,2025-04-30,2025-04-28,128.81,cmp_8822,Meta,True,WELCOME10,False
ord_42226,2025-04-30,2025-04-28,196.74,cmp_8823,Meta,True,,False
ord_42227,2025-04-30,2025-04-28,90.72,cmp_9003,Google,False,,False
ord_42228,2025-04-30,2025-04-28,191.49,,,False,,True
ord_42229,2025-04-30,2025-04-28,44.24,cmp_8821,Meta,True,,False
ord_42230,2025-04-30,2025-04-28,110.92,cmp_8823,Meta,False,SPRING20,False
ord_42231,2025-04-30,2025-04-28,81.4,cmp_7701,Tiktok,False,,False
ord_42232,2025-04-30,2025-04-28,190.55,cmp_8821,Meta,False,,False
ord_42233,2025-04-30,2025-04-28,133.26,cmp_7701,Tiktok,False,,False
ord_42234,2025-04-30,2025-04-28,123.71,cmp_9002,Google,False,WELCOME10,False
ord_42235,2025-04-30,2025-04-28,70.04,cmp_9003,Google,True,,False
ord_42236,2025-04-30,2025-04-28,201.91,cmp_8822,Meta,False,,False
ord_42237,2025-04-30,2025-04-28,140.0,cmp_7701,Tiktok,False,SPRING20,False
ord_42238,2025-04-30,2025-04-28,74.11,cmp_7702,Tiktok,False,,False
ord_42239,2025-04-30,2025-04-28,92.55,cmp_9003,Google,True,,False
ord_42240,2025-04-30,2025-04-28,157.9,cmp_9003,Google,False,,False
ord_42241,2025-04-30,2025-04-28,70.88,cmp_9001,Google,False,,False
ord_42242,2025-04-30,2025-04-28,91.2,cmp_8821,Meta,False,,False
ord_42243,2025-04-30,2025-04-28,37.02,cmp_8823,Meta,False,WELCOME10,False
ord_42244,2025-04-30,2025-04-28,153.27,cmp_8821,Meta,False,SPRING20,False
ord_42245,2025-04-30,2025-04-28,204.8,cmp_9002,Google,False,,False
ord_42246,2025-04-30,2025-04-28,64.41,cmp_9001,Google,False,,False
ord_42247,2025-04-30,2025-04-28,210.82,cmp_7701,Tiktok,True,WELCOME10,False
ord_42248,2025-04-30,2025-04-28,53.04,cmp_8822,Meta,False,,False
ord_42249,2025-04-30,2025-04-28,92.22,cmp_9002,Google,False,,False
ord_42250,2025-04-30,2025-04-28,138.44,cmp_9002,Google,False,WELCOME10,False
ord_42251,2025-04-30,2025-04-28,50.65,cmp_7701,Tiktok,False,,False
ord_42252,2025-04-30,2025-04-28,206.65,cmp_9001,Google,True,,False
ord_42253,2025-04-30,2025-04-28,175.69,cmp_8823,Meta,True,,False
ord_42254,2025-04-30,2025-04-28,165.38,cmp_9002,Google,True,SPRING20,False
ord_42255,2025-04-30,2025-04-28,214.42,cmp_7701,Tiktok,True,WELCOME10,False
ord_42256,2025-04-30,2025-04-28,115.72,cmp_9001,Google,False,,False
ord_42257,2025-04-30,2025-04-28,91.86,cmp_9002,Google,False,WELCOME10,False
ord_42258,2025-04-30,2025-04-28,183.21,cmp_9003,Google,True,,False
ord_42259,2025-04-30,2025-04-28,53.24,cmp_8821,Meta,True,,False
ord_42260,2025-04-30,2025-04-28,144.46,cmp_7701,Tiktok,True,,False
ord_42261,2025-04-30,2025-04-28,51.65,cmp_9003,Google,False,SPRING20,False
ord_42262,2025-04-30,2025-04-28,80.57,cmp_8822,Meta,False,,False
ord_42263,2025-04-30,2025-04-28,188.06,cmp_8823,Meta,True,,False
ord_42264,2025-04-30,2025-04-28,64.33,cmp_8821,Meta,False,,False
ord_42265,2025-04-30,2025-04-28,218.26,cmp_8821,Meta,True,,False
ord_42266,2025-04-30,2025-04-28,107.15,cmp_8821,Meta,False,SPRING20,False
ord_42267,2025-04-30,2025-04-28,40.33,cmp_8822,Meta,True,,False
ord_42268,2025-04-30,2025-04-28,60.85,cmp_7702,Tiktok,True,,False
ord_42269,2025-04-30,2025-04-28,179.94,cmp_8822,Meta,False,WELCOME10,False
ord_42270,2025-04-30,2025-04-28,59.99,cmp_9001,Google,True,WELCOME10,False
ord_42271,2025-04-30,2025-04-28,99.12,cmp_8823,Meta,False,,False
ord_42272,2025-04-30,2025-04-28,144.18,cmp_8822,Meta,True,WELCOME10,False
ord_42273,2025-04-30,2025-04-28,85.01,cmp_8822,Meta,False,,False
ord_42274,2025-04-30,2025-04-28,188.61,cmp_8822,Meta,True,,False
ord_42275,2025-04-30,2025-04-28,208.6,cmp_8821,Meta,False,,False
ord_42276,2025-04-30,2025-04-28,180.03,cmp_8821,Meta,False,,False
ord_42277,2025-04-30,2025-04-28,49.79,cmp_9003,Google,False,,False
ord_42278,2025-04-30,2025-04-28,48.76,cmp_8821,Meta,False,WELCOME10,False
ord_42279,2025-04-30,2025-04-28,50.19,cmp_7701,Tiktok,False,SPRING20,False
ord_42280,2025-04-30,2025-04-28,140.08,cmp_9001,Google,False,,False
ord_42281,2025-04-30,2025-04-28,150.1,cmp_7701,Tiktok,True,,False
ord_42282,2025-04-30,2025-04-28,55.28,cmp_8822,Meta,True,,False
ord_42283,2025-04-30,2025-04-28,127.62,cmp_8821,Meta,False,,False
ord_42284,2025-04-30,2025-04-28,171.36,cmp_8823,Meta,False,SPRING20,False
